Sample_ID,Heterozygous,Homozygous,Missing
BKN_001,12.51,75.38,12.11
BKN_002,9.16,80.26,10.58
BKN_003,1.32,85.25,13.43
BKN_004,1.32,87.18,11.5
BKN_005,4.88,82.81,12.31
BKN_006,1.53,83.42,15.06
BKN_007,2.95,82.3,14.75
BKN_008,5.49,84.03,10.48
BKN_009,1.02,91.15,7.83
BKN_010,0.71,88.5,10.78
BKN_011,3.26,84.84,11.9
BKN_012,1.83,86.27,11.9
BKN_013,18.62,65.11,16.28
BKN_014,1.32,86.88,11.8
BKN_015,1.32,88.2,10.48
BKN_016,0.61,90.23,9.16
BKN_017,0.1,88.3,11.6
BKN_018,0.2,91.35,8.44
BKN_019,1.73,86.98,11.29
BKN_020,1.93,86.47,11.6
BKN_021,9.87,80.06,10.07
BKN_022,1.42,89.73,8.85
BKN_023,0.71,87.89,11.39
BKN_024,11.19,77.52,11.29
BKN_025,1.02,81.89,17.09
BKN_026,1.42,89.42,9.16
BKN_027,2.64,81.89,15.46
BKN_028,7.93,81.18,10.89
BKN_029,1.12,88.1,10.78
BKN_030,0.81,90.84,8.34
BKN_031,1.02,91.05,7.93
BKN_032,1.22,89.62,9.16
BKN_033,1.53,87.39,11.09
BKN_034,1.12,87.49,11.39
BKN_035,1.53,86.57,11.9
BKN_036,1.02,82.5,16.48
BKN_037,1.22,78.54,20.24
BKN_038,0.81,81.59,17.6
BKN_039,0.92,82.5,16.58
CU0001,0.31,89.52,10.17
CU0002,0.2,86.88,12.92
CU0003,0.2,89.32,10.48
CU0004,0.2,87.39,12.41
CU0005,0.71,89.11,10.17
CU0006,0.1,86.06,13.84
CU0007,0.2,89.83,9.97
CU0008,0.1,92.47,7.43
CU0009,0.41,88.91,10.68
CU0010,0.2,91.86,7.93
CU0011,0.2,89.42,10.38
CU0012,0.41,91.76,7.83
CU0013,0.2,84.44,15.36
CU0014,0.2,88.1,11.7
CU0015,0.1,86.78,13.12
CU0016,0.41,85.35,14.24
CU0017,0.31,92.57,7.12
CU0018,0.31,91.66,8.04
CU0019,0.2,87.39,12.41
CU0020,0.2,92.47,7.32
CU0021,0.2,87.28,12.51
CU0022,0.1,92.78,7.12
CU0023,0.1,83.01,16.89
CU0024,0.2,87.69,12.11
CU0025,0.1,92.47,7.43
CU0026,0.2,92.47,7.32
CU0027,0.31,91.76,7.93
CU0028,0.2,59.72,40.08
CU0029,0.51,88.81,10.68
CU0030,0.1,82.6,17.29
CU0031,0.31,91.86,7.83
CU0032,0.41,92.07,7.53
CU0033,0,86.78,13.22
CU0034,0.31,91.96,7.73
CU0035,0.1,87.18,12.72
CU0036,0.1,92.17,7.73
CU0037,0.2,87.69,12.11
CU0038,0.1,89.52,10.38
CU0039,0.2,89.22,10.58
CU0040,0.41,87.08,12.51
CU0041,0.31,91.35,8.34
CU0042,0.1,89.42,10.48
CU0043,0.31,89.83,9.87
CU0044,0.2,88.1,11.7
CU0045,0.1,86.47,13.43
CU0046,0.71,88.61,10.68
CU0047,0.2,90.34,9.46
CU0048,0.2,92.27,7.53
CU0049,0.1,91.66,8.24
CU0050,0.31,92.17,7.53
CU0051,0.92,91.25,7.83
CU0052,0.51,89.32,10.17
CU0053,0.2,89.42,10.38
CU0054,0.2,91.86,7.93
CU0055,0.2,87.89,11.9
CU0056,0.2,92.78,7.02
CU0057,0.1,89.52,10.38
CU0058,0.51,88.4,11.09
CU0059,2.24,85.66,12.11
CU0060,1.83,88.91,9.26
CU0061,0.41,91.56,8.04
CU0062,0.41,91.86,7.73
CU0063,0.2,90.03,9.77
CU0064,0.51,88.71,10.78
CU0065,0.2,92.07,7.73
CU0066,0.1,87.79,12.11
CU0067,1.12,74.06,24.82
CU0068,0.31,86.57,13.12
CU0069,1.32,88.2,10.48
CU0070,0.1,89.32,10.58
CU0071,1.93,87.89,10.17
CU0072,1.22,90.54,8.24
CU0073,0.31,91.96,7.73
CU0074,0.41,91.56,8.04
CU0075,0.2,91.35,8.44
CU0076,0.1,89.73,10.17
CU0077,0.1,92.37,7.53
CU0078,0.1,86.16,13.73
CU0079,0.51,90.13,9.36
CU0080,0.1,86.78,13.12
CU0081,0.2,87.79,12
CU0082,0.2,92.37,7.43
CU0083,0.1,92.57,7.32
CU0084,0.41,86.57,13.02
CU0085,0,92.17,7.83
CU0086,0.2,88.5,11.29
CU0087,0.2,84.23,15.56
CU0088,0.1,90.23,9.66
CU0089,0.2,91.05,8.75
CU0090,0.2,88.1,11.7
CU0091,0.1,89.62,10.27
CU0092,0.41,89.83,9.77
CU0093,0.2,92.47,7.32
CU0094,0.92,86.57,12.51
CU0095,0.2,88.4,11.39
CU0096,0.2,89.83,9.97
CU0097,0.2,90.23,9.56
CU0098,0.31,91.66,8.04
CU0099,0.31,64.29,35.4
CU0100,0.41,89.11,10.48
CU0101,0.31,69.18,30.52
CU0102,0.31,91.76,7.93
CU0103,0.1,90.03,9.87
CU0104,0.1,90.03,9.87
CU0105,0.51,89.83,9.66
CU0106,0.1,89.73,10.17
CU0107,0.1,89.83,10.07
CU0108,0.2,89.42,10.38
CU0109,0.51,89.52,9.97
CU0110,0.1,89.32,10.58
CU0111,1.22,91.15,7.63
CU0112,0.1,86.98,12.92
CU0113,0.41,90.84,8.75
CU0114,0.31,89.83,9.87
CU0115,0.31,91.66,8.04
CU0116,0.71,91.86,7.43
CU0117,0.2,91.66,8.14
CU0118,0.2,87.39,12.41
CU0119,0,89.83,10.17
CU0120,0.2,88,11.8
CU0121,0.51,91.25,8.24
CU0122,0.2,89.52,10.27
CU0123,0.31,89.62,10.07
CU0124,0.1,88,11.9
CU0125,0.1,92.37,7.53
CU0126,0.2,88.5,11.29
CU0127,0.41,91.15,8.44
CU0128,0.31,87.79,11.9
CU0129,0.2,89.73,10.07
CU0130,0.2,88.5,11.29
CU0131,0,89.32,10.68
CU0132,0.1,92.47,7.43
CU0133,0.51,91.66,7.83
CU0134,0.1,84.44,15.46
CU0135,0.2,88,11.8
CU0136,0.1,92.57,7.32
CU0137,0.1,90.64,9.26
CU0138,0,89.42,10.58
CU0139,0.31,88.2,11.5
CU0140,0,81.79,18.21
CU0141,0.31,91.86,7.83
CU0142,0.2,89.32,10.48
CU0143,0.31,77.21,22.48
CU0144,0.61,91.76,7.63
CU0145,0.51,91.96,7.53
CU0146,0.2,89.42,10.38
CU0147,0.2,75.89,23.91
CU0148,0.2,90.54,9.26
CU0149,0.2,89.32,10.48
CU0150,0.1,89.11,10.78
CU0151,0.51,91.56,7.93
CU0152,0.51,88.91,10.58
CU0153,0.2,92.27,7.53
CU0154,0.1,92.68,7.22
CU0155,0.31,78.84,20.85
CU0156,0.1,87.28,12.61
CU0157,0.31,90.13,9.56
CU0158,0.31,89.73,9.97
CU0159,0.31,92.37,7.32
CU0160,0.41,88.81,10.78
CU0161,0.41,87.89,11.7
CU0162,0.31,88.91,10.78
CU0163,0.31,91.66,8.04
CU0164,0.1,89.01,10.89
CU0165,0.2,92.57,7.22
CU0166,0.41,89.42,10.17
CU0167,0.2,89.32,10.48
CU0168,0.2,91.76,8.04
CU0169,0.1,87.08,12.82
CU0170,0.31,87.49,12.21
CU0171,0.41,90.23,9.36
CU0172,0.51,89.42,10.07
CU0173,3.36,84.13,12.51
CU0174,0.1,87.79,12.11
CU0175,0.31,91.25,8.44
CU0176,0.2,89.52,10.27
CU0177,0.2,91.86,7.93
CU0178,0.2,91.96,7.83
CU0179,0.41,88.91,10.68
CU0180,0.2,90.74,9.05
CU0181,0.2,91.76,8.04
CU0182,0.1,88.91,10.99
CU0183,0.31,89.73,9.97
CU0184,0.31,85.45,14.24
CU0185,0,89.22,10.78
CU0186,0.2,89.01,10.78
CU0187,0.31,89.01,10.68
CU0188,0.1,91.86,8.04
CU0189,0.41,86.78,12.82
CU0190,0.2,92.27,7.53
CU0191,0.41,92.47,7.12
CU0192,0.1,89.83,10.07
CU0193,0.2,90.74,9.05
CU0194,0.2,87.69,12.11
CU0195,0.31,91.86,7.83
CU0196,0.31,92.07,7.63
CU0197,0.2,87.59,12.21
CU0198,0.2,90.44,9.36
CU0199,0.2,90.23,9.56
CU0200,0.31,78.33,21.36
CU0201,0.2,91.96,7.83
CU0202,0.81,88.4,10.78
DOE5D-0742,17.19,81.28,1.53
DOE5F-1164,7.63,86.67,5.7
DOE5G-1240,21.26,75.89,2.85
DOE5H-1556,20.65,78.84,0.51
JVLJ-690-1,2.34,86.98,10.68
JVLJ-690-11,3.26,84.54,12.21
JVLJ-690-13,3.76,81.89,14.34
JVLJ-690-15,3.76,84.84,11.39
JVLJ-690-17,3.87,85.96,10.17
JVLJ-690-19,2.44,84.44,13.12
JVLJ-690-3,1.93,83.42,14.65
JVLJ-690-5,2.54,84.33,13.12
JVLJ-690-7,2.44,85.15,12.41
JVLJ-690-9,2.95,84.64,12.41
Q44,3.56,89.01,7.43
S0088,0.1,95.22,4.68
S0133,18.82,78.84,2.34
S0146,10.99,85.86,3.15
S0215,0.41,97.36,2.24
S0351,0.2,96.13,3.66
S0398,0.81,95.42,3.76
S0569,0.71,95.52,3.76
S0615,11.5,83.21,5.29
S0619,8.14,87.08,4.78
S0620,5.09,83.32,11.6
S0621,7.63,88.1,4.27
S0645,2.75,87.69,9.56
S0728,12.61,83.83,3.56
S0768,23.3,73.55,3.15
S0795,0.61,94.3,5.09
S0881,24.42,69.99,5.6
S0887,21.06,74.47,4.48
S0928,20.04,75.89,4.07
S0965,14.75,79.55,5.7
S0985,16.89,80.16,2.95
S1057,24.11,69.79,6.1
S1065,12.11,84.13,3.76
S1087,10.89,84.23,4.88
S1099,21.06,74.57,4.37
S1106,23.91,71.72,4.37
S1207,20.35,75.58,4.07
S1248,16.28,79.25,4.48
S1260,23.19,74.57,2.24
S1390,18.82,74.47,6.71
S1433,18.31,79.86,1.83
S1439,22.18,73.65,4.17
S1465,13.84,82.6,3.56
S1478,19.63,77.42,2.95
S1484,19.63,77.52,2.85
S1526,24.01,72.23,3.76
S1538,22.48,74.36,3.15
S1553,19.94,76.6,3.46
S1567,24.82,70.3,4.88
S1569,19.02,78.23,2.75
S1579,19.84,76.3,3.87
S1601,0.2,95.32,4.48
S1602,0.1,98.88,1.02
S1603,0.2,97.86,1.93
S1604,0.92,97.56,1.53
S1605,0.61,96.85,2.54
S1606,0.41,97.86,1.73
S1607,0.51,89.22,10.27
S1609,0.61,96.74,2.64
S1610,0.51,95.12,4.37
S1613,0.51,95.83,3.66
S1615,1.12,97.66,1.22
S1616,1.12,95.52,3.36
S1617,0.71,97.25,2.03
S1621,0.51,96.03,3.46
S1623,0.31,96.64,3.05
S1624,0.31,98.17,1.53
S1625,0.41,97.46,2.14
S1626,0.41,94.3,5.29
S1627,0.51,98.07,1.42
S1628,0.31,98.37,1.32
S1629,0.51,95.52,3.97
S1630,0.41,93.29,6.31
S1631,0.31,97.66,2.03
S1633,0.2,97.66,2.14
S1634,0.41,95.73,3.87
S1635,0.1,97.15,2.75
S1636,0.41,97.56,2.03
S1637,0.31,97.86,1.83
S1638,0.31,96.03,3.66
S1639,0.31,94.51,5.19
S1640,0.81,94.61,4.58
S1642,0.61,94.81,4.58
S1643,0.51,95.73,3.76
S1644,0.71,94.1,5.19
S1645,0.51,94.61,4.88
S1646,0.31,93.08,6.61
S1647,0.81,93.29,5.9
S1648,0.31,94.2,5.49
S1649,0.51,94.2,5.29
S1650,0.51,89.62,9.87
S1651,0.61,95.22,4.17
S1652,0.31,97.76,1.93
S1653,0.71,96.64,2.64
S1654,0.1,97.05,2.85
S1655,0.92,94.2,4.88
S1656,0.31,95.63,4.07
S1657,0.41,97.15,2.44
S1658,0.41,94.71,4.88
S1659,0.61,94.3,5.09
S1660,0.31,94.91,4.78
S1661,0.61,92.17,7.22
S1662,0.51,94.2,5.29
S1663,10.38,85.45,4.17
S1664,18.62,78.43,2.95
S1665,21.97,74.36,3.66
S1666,11.7,85.35,2.95
S1667,19.74,75.89,4.37
S1668,15.87,79.86,4.27
S1669,18.72,79.04,2.24
S1670,19.33,75.58,5.09
S1671,18.31,77.21,4.48
S1672,20.96,75.28,3.76
S1673,21.97,73.45,4.58
S1674,19.63,71.92,8.44
S1675,14.85,81.08,4.07
S1676,20.45,75.79,3.76
S1677,19.94,75.38,4.68
S1678,22.18,75.28,2.54
S1679,14.34,81.79,3.87
S1680,19.02,77.01,3.97
S1681,16.99,79.35,3.66
S1682,20.04,76.09,3.87
S1683,18.82,77.72,3.46
S1684,20.14,76.3,3.56
S1685,17.29,78.33,4.37
S1686,12.61,79.25,8.14
S1687,13.53,83.52,2.95
S1688,23.09,72.43,4.48
S1689,24.72,69.68,5.6
S1690,22.79,75.28,1.93
S1691,27.16,71.01,1.83
S1692,22.99,72.94,4.07
S1693,24.11,70.91,4.98
S1694,21.57,75.69,2.75
S1695,25.13,71.52,3.36
S1696,18.41,78.64,2.95
S1697,26.86,67.34,5.8
S1698,24.72,70.3,4.98
S1699,14.24,82.6,3.15
S1700,23.6,72.53,3.87
S1701,22.48,73.86,3.66
S1702,19.53,75.99,4.48
S1703,23.91,71.11,4.98
S1704,28.08,68.46,3.46
S1705,27.47,70.3,2.24
S1706,23.3,72.94,3.76
S1707,12.41,86.27,1.32
S1708,18.11,79.04,2.85
S1799,13.02,77.62,9.36
S1800,18.11,77.72,4.17
S1801,13.33,84.23,2.44
S1802,11.7,85.25,3.05
S1803,17.9,78.84,3.26
S1804,9.56,87.89,2.54
S1805,11.39,85.15,3.46
S1806,14.55,83.11,2.34
S1807,17.8,78.43,3.76
S1808,16.38,81.28,2.34
S1809,11.7,85.05,3.26
S1810,22.28,75.08,2.64
S1812,10.17,82.81,7.02
S1813,9.05,88.3,2.64
S1814,14.34,84.44,1.22
S1815,17.5,80.87,1.63
S1816,20.35,77.52,2.14
S1817,18.41,77.01,4.58
S1818,27.98,70.09,1.93
S1819,24.62,73.35,2.03
S1820,21.46,76.6,1.93
S1821,19.33,75.79,4.88
S1822,9.97,86.47,3.56
S1823,19.94,77.01,3.05
S1824,12.72,82.3,4.98
S1825,18.11,77.31,4.58
S1826,21.57,73.45,4.98
S1827,19.13,77.62,3.26
S1828,19.33,77.62,3.05
S1829,20.75,75.58,3.66
S1830,8.65,87.69,3.66
S1831,19.13,75.58,5.29
S1832,17.8,74.36,7.83
S1833,13.43,79.45,7.12
S1834,20.35,73.04,6.61
S1835,19.94,72.02,8.04
S1836,13.02,80.77,6.21
S1837,10.99,85.96,3.05
S1838,15.06,81.28,3.66
S1839,12.11,84.23,3.66
S1840,6.1,89.42,4.48
S1841,19.43,77.01,3.56
S1842,12.72,81.99,5.29
S1843,20.14,77.01,2.85
S1844,15.36,80.98,3.66
S1851,0.51,93.29,6.21
SL-10,2.75,63.68,33.57
SL-11,4.58,70.91,24.52
SL-12,4.88,67.85,27.26
SL-14,2.95,67.14,29.91
SL-15,2.03,64.19,33.77
SL-16,2.24,62.67,35.1
SL-17,7.22,54.32,38.45
SL-18,2.54,65.21,32.25
SL-19,2.95,61.75,35.3
SL-2,2.24,64.8,32.96
SL-20,3.15,68.87,27.98
SL-21,3.66,67.96,28.38
SL-22,3.15,69.07,27.77
SL-23,2.54,65.31,32.15
SL-24,3.87,71.21,24.92
SL-3,2.24,63.68,34.08
SL-4,2.54,64.29,33.16
SL-5,2.34,65.21,32.45
SL-6,2.85,64.39,32.76
SL-7,2.34,65.41,32.25
SL-8,2.34,67.55,30.11
SL-9,3.56,71.11,25.33
SYN042,0.61,95.12,4.27
SYN049,0.61,94.81,4.58
SYN064,1.02,94.1,4.88
SYN070,0.41,96.13,3.46
SYN072,0.41,94.61,4.98
SYN077,0.41,96.64,2.95
SYN083,0.2,96.34,3.46
SYN088,0.31,96.95,2.75
SYN094,0.51,96.24,3.26
SYN096,0.71,97.15,2.14
SYN130,0.51,90.34,9.16
SYN140,0,93.79,6.21
SYN146,0.41,94,5.6
SYN150,0.31,94.91,4.78
SYN153,0.31,95.02,4.68
SYN162,0.41,93.69,5.9
SYN163,0.2,95.73,4.07
SYN164,0.41,96.54,3.05
SYN165,0.51,96.03,3.46
SYN172,0,96.13,3.87
SYN195,0.31,95.83,3.87
SYN199,0.31,90.64,9.05
SYN209,0.1,93.39,6.51
SYN212,0.31,95.12,4.58
SYN214,0.2,96.64,3.15
SYN240,0.1,96.74,3.15
SYN247,1.02,95.32,3.66
SYN262,0.31,95.52,4.17
TA002,20.04,78.54,1.42
TA005,20.75,78.13,1.12
TA009,17.5,81.28,1.22
TA013,15.06,83.42,1.53
TA014,14.34,84.03,1.63
TA023,19.94,78.54,1.53
TA024,24.31,73.75,1.93
TA025,21.77,76.91,1.32
TA026,19.23,79.25,1.53
TA029,25.23,73.65,1.12
TA037,23.5,75.18,1.32
TA038,22.08,76.6,1.32
TA043,17.29,81.69,1.02
TA044,19.13,79.35,1.53
TA045,10.38,87.49,2.14
TA046,8.75,89.22,2.03
TA049,16.99,81.28,1.73
TA050,14.04,84.03,1.93
TA057,22.79,75.18,2.03
TA062,21.57,77.01,1.42
TA063,19.74,78.84,1.42
TA069,20.24,77.82,1.93
TA070,21.16,77.21,1.63
TA077,25.03,72.53,2.44
TA085,15.87,82.2,1.93
TA086,19.13,79.04,1.83
TA097,19.23,79.25,1.53
TA098,17.5,81.79,0.71
TA102,11.29,86.67,2.03
TA103,21.26,76.81,1.93
TA105,24.72,73.35,1.93
TA109,18.31,80.16,1.53
TA117,14.14,84.33,1.53
TA122,11.8,86.57,1.63
TA123,11.29,87.49,1.22
TA125,21.87,76.6,1.53
TA129,22.38,75.99,1.63
TA130,21.97,75.89,2.14
TA133,19.13,80.26,0.61
TA134,17.8,80.47,1.73
TA137,24.92,73.86,1.22
TA143,23.8,74.26,1.93
TA145,20.85,77.42,1.73
TA149,20.45,78.13,1.42
TA150,21.36,78.03,0.61
TA153,23.19,75.28,1.53
TA157,24.72,74.16,1.12
TA163,26.55,71.31,2.14
TA169,22.89,75.89,1.22
TA170,19.94,79.15,0.92
TA177,23.09,75.38,1.53
TA178,21.26,77.62,1.12
TA182,4.58,93.79,1.63
TA183,13.53,84.54,1.93
TA194,21.16,77.21,1.63
TA195,21.57,76.81,1.63
TA197,16.28,82.2,1.53
TA198,15.87,83.01,1.12
TA202,13.33,82.5,4.17
TA205,25.84,72.63,1.53
TA209,22.18,76.3,1.53
TA210,20.14,78.23,1.63
TA215,14.65,84.03,1.32
TA216,18.41,79.25,2.34
TA217,22.58,76.5,0.92
TA222,15.77,82.4,1.83
TA223,16.68,81.99,1.32
TA225,22.28,76.5,1.22
TA237,18.62,79.25,2.14
TA238,22.58,75.48,1.93
TA242,26.35,72.13,1.53
TA245,21.06,77.92,1.02
TA249,23.91,74.67,1.42
TA253,11.8,86.78,1.42
TA257,22.18,75.18,2.64
TA258,22.79,75.69,1.53
TA263,21.77,76.4,1.83
TA269,11.7,86.67,1.63
TA270,12.21,85.96,1.83
TA277,14.55,83.72,1.73
TA278,15.46,81.79,2.75
TA285,23.7,74.57,1.73
TA289,21.16,76.91,1.93
TA290,22.18,75.48,2.34
TA293,25.53,73.45,1.02
TA297,22.69,74.97,2.34
TA302,8.75,86.67,4.58
TA303,15.67,81.59,2.75
TA449,13.94,84.33,1.73
TAMex0003.2,20.85,71.01,8.14
TAMex0004.1,18.11,74.87,7.02
TAMex0005.1,24.72,68.06,7.22
TAMex0007.1,16.48,77.82,5.7
TAMex0010.3,19.43,67.24,13.33
TAMex0014.1,18.72,75.48,5.8
TAMex0021.1,25.64,68.06,6.31
TAMex0023.3,22.18,72.02,5.8
TAMex0024.1,26.35,70.6,3.05
TAMex0025.2,18.62,76.81,4.58
TAMex0026.1,23.5,71.92,4.58
TAMex0027.2,11.9,81.69,6.41
TAMex0028.1,24.21,70.4,5.39
TAMex0031.1,9.97,85.05,4.98
TAMex0032.1,20.04,75.48,4.48
TAMex0033.1,20.24,57.78,21.97
TAMex0035.1,20.65,72.02,7.32
TAMex0036.2,21.77,72.94,5.29
TAMex0037.1,20.04,76.81,3.15
TAMex0038.1,22.79,73.86,3.36
TAMex0039.1,22.28,74.67,3.05
TAMex0043.1,22.99,69.68,7.32
TAMex0045.2,23.09,74.57,2.34
TAMex0046.1,21.16,73.65,5.19
TAMex0047.1,23.5,73.55,2.95
TAMex0048.1,19.63,75.58,4.78
TAMex0050.1,11.19,83.01,5.8
TAMex0052.1,24.52,69.07,6.41
TAMex0065.3,18.31,75.48,6.21
TAMex0067.2,23.91,72.84,3.26
TAMex0068.1,22.28,73.14,4.58
TAMex0069.1,19.94,76.09,3.97
TAMex0070.1,24.11,71.01,4.88
TAMex0071.3,24.72,72.02,3.26
TAMex0073.2,22.69,71.31,6
TAMex0076.1,21.97,74.57,3.46
TAMex0077.1,26.55,69.99,3.46
TAMex0078.1,25.64,67.85,6.51
TAMex0079.1,26.25,68.57,5.19
TAMex0082.1,24.52,71.21,4.27
TAMex0083.1,21.57,75.08,3.36
TAMex0090.1,22.89,73.04,4.07
TAMex0091.1,22.89,71.72,5.39
TAMex0092.1,20.35,76.4,3.26
TAMex0093.1,20.45,73.04,6.51
TAMex0094.1,23.5,72.74,3.76
TAMex0095.3,24.82,71.31,3.87
TAMex0100.2,22.08,73.65,4.27
TAMex0103.2,23.19,69.99,6.82
TAMex0104.2,21.16,74.26,4.58
TAMex0105.1,22.99,72.23,4.78
TAMex0106.1,20.24,75.69,4.07
TAMex0108.3,22.48,70.91,6.61
TAMex0110.1,20.45,76.91,2.64
TAMex0111.2,21.87,71.31,6.82
TAMex0112.1,27.87,69.58,2.54
TAMex0113.1,21.26,74.26,4.48
TAMex0114.1,20.75,74.36,4.88
TAMex0115.1,20.55,75.99,3.46
TAMex0116.1,21.57,71.52,6.92
TAMex0118.1,21.97,72.33,5.7
TAMex0122.2,22.58,73.45,3.97
TAMex0123.1,22.38,72.74,4.88
TAMex0126.2,24.21,71.82,3.97
TAMex0127.1,23.8,71.92,4.27
TAMex0130.1,25.03,72.33,2.64
TAMex0138.1,22.38,71.52,6.1
TAMex0139.2,19.13,77.82,3.05
TAMex0141.1,25.64,71.01,3.36
TAMex0143.1,20.45,75.08,4.48
TAMex0144.1,22.48,72.43,5.09
TAMex0146.1,20.75,75.99,3.26
TAMex0148.1,20.55,77.11,2.34
TAMex0149.2,24.62,70.19,5.19
TAMex0150.3,26.65,68.77,4.58
TAMex0151.3,24.92,68.97,6.1
TAMex0153.1,21.06,73.65,5.29
TAMex0154.3,24.52,71.52,3.97
TAMex0155.1,24.52,68.57,6.92
TAMex0156.1,26.25,70.91,2.85
TAMex0157.2,18.72,71.21,10.07
TAMex0158.1,24.72,69.58,5.7
TAMex0163.1,20.24,75.38,4.37
TAMex0164.2,25.84,70.19,3.97
TAMex0165.1,17.09,77.11,5.8
TAMex0167.1,23.5,73.25,3.26
TAMex0169.1,21.67,75.89,2.44
TAMex0170.2,18.62,77.21,4.17
TAMex0171.1,23.5,74.26,2.24
TAMex0176.1,16.68,80.98,2.34
TAMex0177.2,23.4,71.62,4.98
TAMex0181.2,23.8,71.41,4.78
TAMex0184.1,22.08,72.33,5.6
TAMex0185.1,20.96,75.38,3.66
TAMex0186.2,17.9,76.91,5.19
TAMex0187.2,22.89,73.35,3.76
TAMex0189.3,22.79,74.06,3.15
TAMex0193.3,24.42,72.53,3.05
TAMex0197.1,18.92,77.11,3.97
TAMex0198.1,17.6,77.52,4.88
TAMex0199.3,22.18,65.11,12.72
TAMex0202.2,23.8,72.33,3.87
TAMex0205.1,22.08,75.58,2.34
TAMex0207.2,24.72,69.28,6
TAMex0211.1,24.82,70.19,4.98
TAMex0213.1,21.46,73.96,4.58
TAMex0214.1,19.94,77.92,2.14
TAMex0215.3,17.19,78.23,4.58
TAMex0216.3,20.96,70.8,8.24
TAMex0218.1,22.89,75.18,1.93
TAMex0222.1,24.62,72.13,3.26
TAMex0224.1,24.42,71.72,3.87
TAMex0225.1,10.58,85.55,3.87
TAMex0226.1,20.45,77.01,2.54
TAMex0227.3,17.4,46.69,35.91
TAMex0230.1,18.72,76.4,4.88
TAMex0231.1,25.84,68.97,5.19
TAMex0233.1,22.79,71.62,5.6
TAMex0235.2,20.24,76.5,3.26
TAMex0236.1,23.3,71.31,5.39
TAMex0238.1,24.01,70.3,5.7
TAMex0239.1,21.16,71.41,7.43
TAMex0240.2,23.4,69.79,6.82
TAMex0241.1,24.21,70.7,5.09
TAMex0242.1,24.11,68.16,7.73
TAMex0245.3,30.52,66.23,3.26
TAMex0247.3,12.41,82.91,4.68
TAMex0249.1,25.43,69.28,5.29
TAMex0250.1,26.96,69.07,3.97
TAMex0251.1,24.01,70.19,5.8
TAMex0252.1,24.31,72.33,3.36
TAMex0253.2,22.99,74.47,2.54
TAMex0255.1,18.82,76.91,4.27
TAMex0256.3,15.87,63.48,20.65
TAMex0257.1,21.46,70.91,7.63
TAMex0260.1,19.13,74.47,6.41
TAMex0261.1,24.21,71.41,4.37
TAMex0263.2,26.04,69.48,4.48
TAMex0266.1,23.91,71.41,4.68
TAMex0267.2,24.31,72.53,3.15
TAMex0268.1,26.14,69.89,3.97
TAMex0269.2,23.3,70.7,6
TAMex0270.5,23.19,70.19,6.61
TAMex0272.2,22.38,74.87,2.75
TAMex0273.1,27.77,69.07,3.15
TAMex0274.1,15.46,81.08,3.46
TAMex0276.1,21.77,73.45,4.78
TAMex0278.1,14.45,82.3,3.26
TAMex0280.3,22.79,62.87,14.34
TAMex0283.1,22.18,74.97,2.85
TAMex0284.1,23.3,71.21,5.49
TAMex0285.1,18.51,78.94,2.54
TAMex0286.2,16.89,76.5,6.61
TAMex0287.1,24.92,73.14,1.93
TAMex0288.1,24.21,72.02,3.76
TAMex0289.1,17.9,78.54,3.56
TAMex0291.1,22.89,72.84,4.27
TAMex0297.1,22.38,74.97,2.64
TAMex0299.1,25.43,66.94,7.63
TAMex0301.1,22.99,71.72,5.29
TAMex0304.2,27.16,69.38,3.46
TAMex0306.2,25.53,70.8,3.66
TAMex0307.2,24.52,67.24,8.24
TAMex0308.1,19.33,76.4,4.27
TAMex0311.2,23.4,72.74,3.87
TAMex0314.2,25.43,69.28,5.29
TAMex0316.2,18.72,76.81,4.48
TAMex0317.1,7.53,89.01,3.46
TAMex0318.1,24.31,70.3,5.39
TAMex0319.2,20.04,75.89,4.07
TAMex0324.1,22.58,73.35,4.07
TAMex0325.1,21.26,74.57,4.17
TAMex0328.2,11.6,85.15,3.26
TAMex0329.1,14.95,81.18,3.87
TAMex0330.1,22.38,74.87,2.75
TAMex0331.1,24.72,66.23,9.05
TAMex0332.2,23.5,73.04,3.46
TAMex0333.2,22.58,73.25,4.17
TAMex0335.1,23.09,71.41,5.49
TAMex0341.2,11.5,82.5,6
TAMex0342.1,22.38,74.97,2.64
TAMex0344.1,22.69,73.35,3.97
TAMex0347.2,24.52,70.91,4.58
TAMex0348.2,18.51,78.94,2.54
TAMex0349.2,22.28,71.52,6.21
TAMex0350.1,24.52,73.55,1.93
TAMex0351.2,23.8,71.41,4.78
TAMex0356.1,22.89,72.13,4.98
TAMex0358.2,21.36,74.36,4.27
TAMex0359.2,21.46,75.08,3.46
TAMex0360.3,22.89,72.33,4.78
TAMex0363.2,22.69,70.09,7.22
TAMex0364.1,25.64,69.48,4.88
TAMex0366.2,24.11,71.11,4.78
TAMex0368.2,23.6,72.23,4.17
TAMex0370.2,24.82,66.73,8.44
TAMex0372.2,21.77,75.58,2.64
TAMex0374.1,20.04,77.52,2.44
TAMex0377.1,24.31,72.74,2.95
TAMex0378.1,23.7,73.96,2.34
TAMex0379.1,21.16,77.31,1.53
TAMex0380.3,21.97,75.28,2.75
TAMex0381.1,13.22,84.44,2.34
TAMex0382.2,22.18,74.47,3.36
TAMex0383.1,17.4,76.6,6
TAMex0384.1,21.36,74.67,3.97
TAMex0385.1,24.31,72.63,3.05
TAMex0386.1,14.14,83.52,2.34
TAMex0387.2,21.67,74.06,4.27
TAMex0389.1,21.36,75.38,3.26
TAMex0390.1,24.31,73.96,1.73
TAMex0391.2,24.52,73.86,1.63
TAMex0393.1,19.94,77.42,2.64
TAMex0396.1,21.46,75.69,2.85
TAMex0398.3,21.16,77.42,1.42
TAMex0400.1,21.77,74.57,3.66
TAMex0403.1,26.75,69.18,4.07
TAMex0405.1,22.89,74.06,3.05
TAMex0410.2,10.48,86.16,3.36
TAMex0412.1,24.82,70.8,4.37
TAMex0414.1,26.35,71.31,2.34
TAMex0418.1,24.21,70.5,5.29
TAMex0419.1,7.12,85.66,7.22
TAMex0422.1,24.21,70.91,4.88
TAMex0424.1,19.63,77.62,2.75
TAMex0426.1,23.5,72.84,3.66
TAMex0428.1,21.77,75.08,3.15
TAMex0429.1,19.63,75.48,4.88
TAMex0431.2,24.31,71.31,4.37
TAMex0433.1,25.43,68.97,5.6
TAMex0434.1,21.97,73.35,4.68
TAMex0438.1,24.82,70.5,4.68
TAMex0441.1,22.58,74.06,3.36
TAMex0442.1,24.11,68.77,7.12
TAMex0444.1,19.13,75.28,5.6
TAMex0445.1,24.52,70.91,4.58
TAMex0446.1,18.21,78.13,3.66
TAMex0447.1,20.75,75.08,4.17
TAMex0448.1,25.03,67.24,7.73
TAMex0449.1,25.13,70.91,3.97
TAMex0450.1,18.31,78.43,3.26
TAMex0452.1,16.38,77.31,6.31
TAMex0455.2,24.21,71.41,4.37
TAMex0456.1,22.89,68.36,8.75
TAMex0457.1,24.01,69.28,6.71
TAMex0458.1,21.26,72.84,5.9
TAMex0462.2,23.4,72.53,4.07
TAMex0463.1,24.62,71.31,4.07
TAMex0464.2,26.65,66.63,6.71
TAMex0465.3,25.94,71.62,2.44
TAMex0470.1,20.14,75.79,4.07
TAMex0471.2,23.8,68.16,8.04
TAMex0472.2,22.28,71.72,6
TAMex0473.2,22.38,73.65,3.97
TAMex0474.2,21.57,74.16,4.27
TAMex0475.1,18.82,74.16,7.02
TAMex0477.1,25.43,71.41,3.15
TAMex0478.1,21.57,71.82,6.61
TAMex0480.1,14.65,82.4,2.95
TAMex0481.3,25.53,72.33,2.14
TAMex0482.2,27.77,68.46,3.76
TAMex0483.1,11.29,84.94,3.76
TAMex0485.2,18.82,73.35,7.83
TAMex0488.1,24.62,70.7,4.68
TAMex0489.1,23.6,68.77,7.63
TAMex0490.1,21.36,70.6,8.04
TAMex0494.1,21.16,75.38,3.46
TAMex0495.1,23.5,70.91,5.6
TAMex0497.2,20.45,61.44,18.11
TAMex0499.1,20.65,74.36,4.98
TAMex0500.2,22.48,73.65,3.87
TAMex0501.1,27.16,68.26,4.58
TAMex0504.3,24.52,71.82,3.66
TAMex0509.1,26.75,69.07,4.17
TAMex0511.1,23.8,70.7,5.49
TAMex0512.1,23.7,71.11,5.19
TAMex0514.1,18.41,77.01,4.58
TAMex0515.1,22.99,73.75,3.26
TAMex0516.1,13.84,45.68,40.49
TAMex0517.1,27.26,67.85,4.88
TAMex0520.1,20.45,76.09,3.46
TAMex0522.1,23.19,75.58,1.22
TAMex0525.1,23.5,73.65,2.85
TAMex0526.1,23.3,74.16,2.54
TAMex0528.1,23.4,72.63,3.97
TAMex0529.1,20.04,75.89,4.07
TAMex0533.1,23.09,71.82,5.09
TAMex0538.1,23.91,74.06,2.03
TAMex0539.1,22.08,75.58,2.34
TAMex0540.1,20.85,74.47,4.68
TAMex0542.1,25.13,69.07,5.8
TAMex0544.1,19.43,77.82,2.75
TAMex0545.1,24.01,72.74,3.26
TAMex0547.1,19.43,76.2,4.37
TAMex0548.1,19.84,74.57,5.6
TAMex0549.1,22.18,74.97,2.85
TAMex0550.3,21.77,58.7,19.53
TAMex0551.1,21.87,75.79,2.34
TAMex0554.1,23.7,72.23,4.07
TAMex0555.1,23.6,73.96,2.44
TAMex0557.1,21.36,73.35,5.29
TAMex0559.3,21.87,66.12,12
TAMex0561.1,24.31,72.02,3.66
TAMex0564.1,26.96,70.6,2.44
TAMex0566.1,21.67,71.01,7.32
TAMex0567.1,23.6,69.28,7.12
TAMex0568.1,26.35,70.3,3.36
TAMex0573.1,25.43,71.01,3.56
TAMex0574.1,21.87,74.26,3.87
TAMex0575.1,18.62,77.11,4.27
TAMex0579.2,19.13,78.13,2.75
TAMex0582.1,20.45,75.58,3.97
TAMex0583.3,27.16,68.36,4.48
TAMex0585.2,27.06,70.19,2.75
TAMex0587.1,23.8,71.62,4.58
TAMex0588.2,22.48,73.45,4.07
TAMex0592.1,25.84,71.92,2.24
TAMex0594.4,24.52,66.33,9.16
TAMex0597.3,23.4,63.38,13.22
TAMex0598.1,23.19,71.72,5.09
TAMex0599.3,25.23,71.82,2.95
TAMex0604.4,22.58,74.26,3.15
TAMex0607.3,19.13,75.89,4.98
TAMex0608.5,20.45,73.75,5.8
TAMex0610.1,22.28,71.01,6.71
TAMex0611.1,19.53,77.52,2.95
TAMex0612.2,25.33,70.6,4.07
TAMex0613.2,25.53,72.02,2.44
TAMex0614.2,24.52,69.79,5.7
TAMex0615.1,28.08,69.79,2.14
TAMex0616.2,21.77,72.94,5.29
TAMex0618.1,21.57,71.01,7.43
TAMex0619.2,23.8,73.45,2.75
TAMex0621.2,22.99,71.01,6
TAMex0623.2,21.06,72.33,6.61
TAMex0624.1,24.11,70.3,5.6
TAMex0625.1,22.58,72.23,5.19
TAMex0626.2,7.73,86.37,5.9
TAMex0628.1,24.72,68.77,6.51
TAMex0629.1,20.65,70.7,8.65
TAMex0631.2,24.01,71.31,4.68
TAMex0633.2,22.28,75.28,2.44
TAMex0634.3,20.65,74.26,5.09
TAMex0635.2,24.72,69.48,5.8
TAMex0636.2,22.79,71.31,5.9
TAMex0638.1,25.13,71.82,3.05
TAMex0640.1,21.16,75.48,3.36
TAMex0643.1,21.87,73.65,4.48
TAMex0644.1,22.48,73.04,4.48
TAMex0645.1,22.99,74.36,2.64
TAMex0650.1,23.6,73.55,2.85
TAMex0651.2,21.97,71.01,7.02
TAMex0652.1,24.82,72.23,2.95
TAMex0656.1,22.38,71.41,6.21
TAMex0657.1,4.88,88.5,6.61
TAMex0660.1,24.21,70.19,5.6
TAMex0662.1,19.63,76.09,4.27
TAMex0666.1,26.25,69.89,3.87
TAMex0667.1,25.13,71.01,3.87
TAMex0668.1,18.92,77.82,3.26
TAMex0670.1,24.42,69.89,5.7
TAMex0671.1,22.58,73.96,3.46
TAMex0674.1,23.3,71.92,4.78
TAMex0677.2,19.02,71.92,9.05
TAMex0678.1,24.21,72.02,3.76
TAMex0680.1,25.33,72.23,2.44
TAMex0681.1,26.45,68.36,5.19
TAMex0682.1,24.21,70.91,4.88
TAMex0683.1,24.82,72.33,2.85
TAMex0684.1,21.97,72.94,5.09
TAMex0685.2,24.72,72.02,3.26
TAMex0687.1,25.94,72.13,1.93
TAMex0688.1,20.04,74.87,5.09
TAMex0689.1,22.38,73.96,3.66
TAMex0691.1,25.33,72.02,2.64
TAMex0693.1,21.67,72.63,5.7
TAMex0696.1,24.31,71.21,4.48
TAMex0697.1,19.02,77.52,3.46
TAMex0699.1,21.57,72.33,6.1
TAMex0700.4,25.94,68.57,5.49
TAMex0703.2,19.53,77.31,3.15
TAMex0705.1,22.69,73.65,3.66
TAMex0706.1,26.35,67.45,6.21
TAMex0708.1,24.11,72.94,2.95
TAMex0714.1,19.33,76.2,4.48
TAMex0715.1,25.13,67.65,7.22
TAMex0716.1,19.94,72.23,7.83
TAMex0719.1,18.62,73.96,7.43
TAMex0721.1,25.64,65.51,8.85
TAMex0722.1,24.11,71.62,4.27
TAMex0724.2,23.3,72.63,4.07
TAMex0725.1,24.82,70.7,4.48
TAMex0726.1,21.46,74.36,4.17
TAMex0727.1,22.48,71.92,5.6
TAMex0728.2,17.29,74.06,8.65
TAMex0732.2,22.79,73.65,3.56
TAMex0733.2,24.62,72.94,2.44
TAMex0734.2,23.6,72.13,4.27
TAMex0737.2,20.45,73.04,6.51
TAMex0738.2,22.89,74.36,2.75
TAMex0744.2,21.16,70.6,8.24
TAMex0747.2,21.87,75.08,3.05
TAMex0750.1,23.6,72.23,4.17
TAMex0751.2,24.92,71.62,3.46
TAMex0752.2,21.87,73.75,4.37
TAMex0753.2,22.69,72.33,4.98
TAMex0756.2,22.28,74.57,3.15
TAMex0757.1,25.94,72.02,2.03
TAMex0759.2,19.43,75.28,5.29
TAMex0761.4,21.67,75.38,2.95
TAMex0762.1,17.7,80.47,1.83
TAMex0763.2,24.21,71.82,3.97
TAMex0764.1,24.01,69.68,6.31
TAMex0765.2,23.19,73.25,3.56
TAMex0766.2,23.5,73.55,2.95
TAMex0767.2,23.8,71.11,5.09
TAMex0768.2,22.58,73.04,4.37
TAMex0769.2,24.62,68.87,6.51
TAMex0773.1,23.19,70.4,6.41
TAMex0775.2,25.84,69.28,4.88
TAMex0779.2,24.21,68.57,7.22
TAMex0782.2,24.31,72.53,3.15
TAMex0784.1,26.35,70.5,3.15
TAMex0785.1,23.8,66.84,9.36
TAMex0786.2,24.31,69.89,5.8
TAMex0790.1,21.46,74.16,4.37
TAMex0791.1,21.36,74.97,3.66
TAMex0792.2,22.89,72.23,4.88
TAMex0796.2,23.19,72.63,4.17
TAMex0798.2,24.52,68.57,6.92
TAMex0799.1,26.45,69.68,3.87
TAMex0801.2,24.72,71.41,3.87
TAMex0802.1,19.43,74.47,6.1
TAMex0804.1,10.48,84.44,5.09
TAMex0805.1,24.11,70.4,5.49
TAMex0806.1,20.55,70.91,8.55
TAMex0807.2,20.96,76.09,2.95
TAMex0809.2,24.62,71.21,4.17
TAMex0811.2,20.75,74.36,4.88
TAMex0813.1,22.38,74.06,3.56
TAMex0814.1,19.23,75.28,5.49
TAMex0816.1,23.7,72.94,3.36
TAMex0817.1,26.65,70.6,2.75
TAMex0818.1,24.62,72.74,2.64
TAMex0819.1,24.62,69.58,5.8
TAMex0820.2,22.69,72.23,5.09
TAMex0821.1,19.43,77.01,3.56
TAMex0822.1,26.14,71.41,2.44
TAMex0824.1,23.7,71.21,5.09
TAMex0825.1,20.14,76.2,3.66
TAMex0830.1,21.77,73.75,4.48
TAMex0831.1,23.6,71.72,4.68
TAMex0832.1,16.48,79.65,3.87
TAMex0839.2,20.85,73.45,5.7
TAMex0840.1,23.4,72.13,4.48
TAMex0843.2,26.45,70.5,3.05
TAMex0845.2,24.11,70.91,4.98
TAMex0849.3,25.94,69.48,4.58
TAMex0852.1,23.6,70.6,5.8
TAMex0853.2,23.8,69.79,6.41
TAMex0854.2,23.19,71.72,5.09
TAMex0855.2,23.4,74.16,2.44
TAMex0856.2,17.7,77.42,4.88
TAMex0857.1,22.58,72.84,4.58
TAMex0858.2,21.36,73.35,5.29
TAMex0860.1,20.04,76.6,3.36
TAMex0861.1,23.4,73.75,2.85
TAMex0862.1,22.48,75.28,2.24
TAMex0869.1,24.01,72.63,3.36
TAMex0872.1,23.3,71.11,5.6
TAMex0873.1,24.42,69.58,6
TAMex0874.1,27.47,67.75,4.78
TAMex0875.2,25.23,67.96,6.82
TAMex0876.2,23.6,73.35,3.05
TAMex0878.2,21.97,73.04,4.98
TAMex0879.1,23.09,71.31,5.6
TAMex0883.1,23.3,72.94,3.76
TAMex0887.2,22.58,73.14,4.27
TAMex0890.1,25.74,70.3,3.97
TAMex0891.1,24.72,72.23,3.05
TAMex0892.1,19.84,74.57,5.6
TAMex0894.1,19.43,73.65,6.92
TAMex0895.1,21.57,75.38,3.05
TAMex0896.2,23.19,73.35,3.46
TAMex0897.2,22.18,71.41,6.41
TAMex0898.1,25.13,72.84,2.03
TAMex0899.1,22.58,74.47,2.95
TAMex0900.1,22.48,73.75,3.76
TAMex0901.2,23.6,70.4,6
TAMex0902.1,21.16,72.74,6.1
TAMex0905.2,24.72,71.92,3.36
TAMex0906.1,22.99,75.48,1.53
TAMex0908.1,25.74,71.62,2.64
TAMex0915.1,8.85,87.69,3.46
TAMex0916.1,21.06,74.87,4.07
TAMex0917.1,18.41,76.7,4.88
TAMex0918.2,24.52,69.18,6.31
TAMex0919.1,23.8,73.14,3.05
TAMex0921.1,25.23,72.84,1.93
TAMex0924.1,18.51,75.08,6.41
TAMex0925.1,23.09,71.52,5.39
TAMex0927.1,19.84,75.48,4.68
TAMex0929.1,20.24,76.09,3.66
TAMex0930.1,23.6,72.13,4.27
TAMex0931.1,20.14,73.86,6
TAMex0932.2,17.5,79.65,2.85
TAMex0933.1,20.96,76.3,2.75
TAMex0937.1,22.28,71.62,6.1
TAMex0942.1,24.21,73.96,1.83
TAMex0943.1,9.87,86.78,3.36
TAMex0945.1,21.06,71.82,7.12
TAMex0947.1,25.94,69.38,4.68
TAMex0949.1,21.87,73.86,4.27
TAMex0952.1,22.69,72.23,5.09
TAMex0961.2,23.4,71.01,5.6
TAMex0963.1,20.14,77.42,2.44
TAMex0966.1,27.16,68.46,4.37
TAMex0970.1,22.79,73.04,4.17
TAMex0971.1,24.11,69.48,6.41
TAMex0973.1,23.4,70.6,6
TAMex0974.1,23.3,72.43,4.27
TAMex0975.1,21.16,75.79,3.05
TAMex0976.1,19.84,75.18,4.98
TAMex0977.1,25.64,69.79,4.58
TAMex0978.1,19.63,76.7,3.66
TAMex0979.1,20.75,74.57,4.68
TAMex0980.2,18.21,75.69,6.1
TAMex0981.1,21.16,74.16,4.68
TAMex0982.1,26.14,68.67,5.19
TAMex0983.2,23.7,67.96,8.34
TAMex0985.1,20.45,74.57,4.98
TAMex0986.2,21.67,75.69,2.64
TAMex0989.1,21.77,74.47,3.76
TAMex0993.2,23.09,73.25,3.66
TAMex0995.1,24.82,70.19,4.98
TAMex0997.1,24.11,70.6,5.29
TAMex0999.1,10.38,84.74,4.88
TAMex1000.1,24.01,73.75,2.24
TAMex1001.1,26.55,67.24,6.21
TAMex1002.1,20.75,75.58,3.66
TAMex1003.1,22.08,72.94,4.98
TAMex1005.1,22.48,72.84,4.68
TAMex1006.2,26.14,68.97,4.88
TAMex1013.3,21.77,72.74,5.49
TAMex1015.1,19.63,74.97,5.39
TAMex1018.1,22.99,73.65,3.36
TAMex1019.1,23.6,74.06,2.34
TAMex1027.1,22.48,70.4,7.12
TAMex1028.1,25.53,71.31,3.15
TAMex1030.1,24.82,72.94,2.24
TAMex1031.1,23.5,73.55,2.95
TAMex1033.1,24.52,69.18,6.31
TAMex1034.1,25.23,68.77,6
TAMex1036.1,26.55,69.07,4.37
TAMex1039.1,24.52,69.28,6.21
TAMex1040.1,17.09,75.38,7.53
TAMex1042.1,24.92,72.53,2.54
TAMex1044.1,22.48,75.18,2.34
TAMex1045.1,24.11,70.5,5.39
TAMex1048.1,23.8,70.7,5.49
TAMex1049.1,24.01,72.33,3.66
TAMex1052.1,20.75,74.06,5.19
TAMex1053.1,23.09,73.35,3.56
TAMex1054.1,19.94,76.6,3.46
TAMex1055.1,22.18,74.47,3.36
TAMex1057.1,20.75,75.69,3.56
TAMex1058.1,10.78,84.84,4.37
TAMex1062.1,25.03,71.62,3.36
TAMex1063.1,21.87,75.38,2.75
TAMex1064.1,25.84,69.68,4.48
TAMex1066.1,26.35,70.91,2.75
TAMex1068.1,24.92,71.31,3.76
TAMex1069.2,19.84,74.26,5.9
TAMex1071.1,25.43,71.31,3.26
TAMex1072.1,18.62,78.74,2.64
TAMex1073.1,21.46,74.57,3.97
TAMex1074.1,23.7,68.97,7.32
TAMex1078.1,20.96,76.3,2.75
TAMex1081.1,21.77,75.69,2.54
TAMex1083.1,11.39,83.62,4.98
TAMex1085.1,24.01,71.92,4.07
TAMex1087.1,10.17,84.74,5.09
TAMex1092.1,19.53,75.58,4.88
TAMex1094.1,21.87,72.13,6
TAMex1102.1,24.31,72.23,3.46
TAMex1103.1,22.48,74.47,3.05
TAMex1104.4,18.72,77.82,3.46
TAMex1105.1,11.5,85.15,3.36
TAMex1106.1,24.52,69.68,5.8
TAMex1107.1,23.7,72.63,3.66
TAMex1109.1,15.87,80.37,3.76
TAMex1110.1,22.58,70.7,6.71
TAMex1111.1,26.45,69.07,4.48
TAMex1112.1,27.98,68.67,3.36
TAMex1113.4,20.24,74.87,4.88
TAMex1114.1,22.69,73.86,3.46
TAMex1115.1,19.74,77.11,3.15
TAMex1118.1,24.11,70.5,5.39
TAMex1119.1,11.7,84.54,3.76
TAMex1120.1,17.7,76.2,6.1
TAMex1121.1,8.04,85.66,6.31
TAMex1123.2,24.01,69.99,6
TAMex1124.2,25.03,72.43,2.54
TAMex1125.2,20.24,74.47,5.29
TAMex1126.1,26.14,71.11,2.75
TAMex1129.1,18.11,78.03,3.87
TAMex1136.1,26.86,70.8,2.34
TAMex1137.1,26.04,70.3,3.66
TAMex1138.2,20.75,76.81,2.44
TAMex1139.2,24.52,70.8,4.68
TAMex1140.1,23.3,71.31,5.39
TAMex1143.1,26.75,68.57,4.68
TAMex1144.2,27.47,69.79,2.75
TAMex1146.1,24.01,73.04,2.95
TAMex1147.1,18.82,78.13,3.05
TAMex1149.1,21.46,73.86,4.68
TAMex1151.4,22.18,73.65,4.17
TAMex1152.1,21.26,75.38,3.36
TAMex1154.1,26.25,67.85,5.9
TAMex1156.4,23.8,73.04,3.15
TAMex1157.1,19.13,76.7,4.17
TAMex1160.1,10.27,83.62,6.1
TAMex1162.1,24.01,69.79,6.21
TAMex1163.1,21.57,74.16,4.27
TAMex1164.2,20.85,75.99,3.15
TAMex1165.1,20.55,75.08,4.37
TAMex1167.2,22.89,73.45,3.66
TAMex1168.1,24.11,72.63,3.26
TAMex1169.4,23.5,72.13,4.37
TAMex1177.2,20.65,72.33,7.02
TAMex1178.1,22.28,72.43,5.29
TAMex1192.4,23.4,74.16,2.44
TAMex1195.2,22.58,75.38,2.03
TAMex1197.2,12.72,85.15,2.14
TAMex1198.1,22.99,73.55,3.46
TAMex1202.2,20.55,75.99,3.46
TAMex1204.1,24.21,71.01,4.78
TAMex1207.1,13.53,81.79,4.68
TAMex1216.4,23.19,72.33,4.48
TAMex1217.1,22.79,73.65,3.56
TAMex1218.5,24.82,72.23,2.95
TAMex1219.2,22.79,74.97,2.24
TAMex1220.3,22.99,71.31,5.7
TAMex1222.2,23.8,72.74,3.46
TAMex1223.1,20.55,76.6,2.85
TAMex1230.2,24.42,71.31,4.27
TAMex1231.1,21.46,73.96,4.58
TAMex1232.3,23.8,73.04,3.15
TAMex1233.1,18.01,79.35,2.64
TAMex1239.2,21.87,73.55,4.58
TAMex1242.1,26.65,68.87,4.48
TAMex1243.2,20.35,75.79,3.87
TAMex1244.1,22.79,69.18,8.04
TAMex1245.2,26.75,65.92,7.32
TAMex1246.3,25.03,69.89,5.09
TAMex1247.2,20.75,72.13,7.12
TAMex1248.2,21.36,73.75,4.88
TAMex1258.1,24.52,71.72,3.76
TAMex1260.2,23.4,72.63,3.97
TAMex1263.1,23.5,71.72,4.78
TAMex1264.1,23.19,73.04,3.76
TAMex1266.1,20.45,76.2,3.36
TAMex1268.1,25.23,72.02,2.75
TAMex1271.2,22.99,74.57,2.44
TAMex1275.1,18.62,76.81,4.58
TAMex1276.1,23.19,70.7,6.1
TAMex1277.1,22.48,74.36,3.15
TAMex1279.2,21.87,76.09,2.03
TAMex1283.1,25.53,71.31,3.15
TAMex1284.1,25.43,72.23,2.34
TAMex1285.1,18.41,78.74,2.85
TAMex1288.3,25.94,70.19,3.87
TAMex1298.4,26.86,67.55,5.6
TAMex1300.1,19.43,64.6,15.97
TAMex1301.1,21.67,76.6,1.73
TAMex1302.1,25.13,72.02,2.85
TAMex1305.1,22.79,72.23,4.98
TAMex1306.1,19.74,76.09,4.17
TAMex1308.1,21.87,73.45,4.68
TAMex1310.1,23.91,72.02,4.07
TAMex1312.1,24.72,71.52,3.76
TAMex1316.1,20.85,73.55,5.6
TAMex1321.1,10.38,86.06,3.56
TAMex1322.1,26.04,69.48,4.48
TAMex1323.3,25.74,68.87,5.39
TAMex1326.1,24.82,71.41,3.76
TAMex1327.1,22.99,72.23,4.78
TAMex1332.1,24.52,71.92,3.56
TAMex1336.1,25.03,72.43,2.54
TAMex1337.2,22.99,74.47,2.54
TAMex1340.1,25.13,71.11,3.76
TAMex1342.3,19.43,75.58,4.98
TAMex1344.2,21.97,74.06,3.97
TAMex1346.1,23.3,70.5,6.21
TAMex1348.3,23.19,72.94,3.87
TAMex1349.2,24.82,69.07,6.1
TAMex1350.3,23.91,73.25,2.85
TAMex1352.2,25.23,71.52,3.26
TAMex1353.2,24.72,73.35,1.93
TAMex1354.1,9.36,87.69,2.95
TAMex1355.3,22.79,69.68,7.53
TAMex1356.4,26.75,69.48,3.76
TAMex1358.1,22.18,73.04,4.78
TAMex1360.1,23.7,74.16,2.14
TAMex1363.2,22.99,73.65,3.36
TAMex1364.2,23.3,69.99,6.71
TAMex1366.2,25.23,71.72,3.05
TAMex1369.1,23.3,70.91,5.8
TAMex1373.3,22.38,74.87,2.75
TAMex1378.2,24.52,72.23,3.26
TAMex1382.2,21.26,72.02,6.71
TAMex1383.2,23.09,70.3,6.61
TAMex1384.2,27.98,66.84,5.19
TAMex1386.2,23.5,72.94,3.56
TAMex1390.1,19.63,73.14,7.22
TAMex1391.2,22.69,68.06,9.26
TAMex1392.1,24.82,73.35,1.83
TAMex1393.1,21.67,74.97,3.36
TAMex1394.2,21.97,74.47,3.56
TAMex1395.1,26.25,71.21,2.54
TAMex1396.1,23.09,72.63,4.27
TAMex1398.1,21.46,75.89,2.64
TAMex1399.1,22.89,72.13,4.98
TAMex1404.1,21.87,75.08,3.05
TAMex1407.1,24.31,71.41,4.27
TAMex1408.3,22.89,73.35,3.76
TAMex1409.2,21.77,75.79,2.44
TAMex1410.2,24.01,71.41,4.58
TAMex1414.2,23.91,71.21,4.88
TAMex1417.1,20.96,74.16,4.88
TAMex1419.2,22.89,71.72,5.39
TAMex1422.2,24.62,71.52,3.87
TAMex1423.1,17.7,76.3,6
TAMex1425.1,24.01,70.8,5.19
TAMex1427.2,24.31,71.82,3.87
TAMex1428.1,20.96,74.67,4.37
TAMex1429.2,22.38,69.38,8.24
TAMex1430.2,18.51,72.63,8.85
TAMex1432.2,21.06,76.2,2.75
TAMex1433.1,17.5,78.74,3.76
TAMex1434.1,22.79,73.65,3.56
TAMex1437.1,27.67,66.53,5.8
TAMex1438.1,16.58,79.04,4.37
TAMex1439.2,26.25,68.77,4.98
TAMex1442.3,22.89,74.67,2.44
TAMex1443.1,24.42,69.79,5.8
TAMex1445.2,24.62,70.3,5.09
TAMex1446.1,24.62,71.72,3.66
TAMex1447.2,20.04,75.28,4.68
TAMex1448.1,23.6,71.01,5.39
TAMex1449.1,23.5,73.55,2.95
TAMex1450.1,25.23,72.23,2.54
TAMex1452.1,19.84,75.79,4.37
TAMex1454.1,22.99,67.55,9.46
TAMex1455.1,23.7,72.13,4.17
TAMex1458.2,19.74,76.6,3.66
TAMex1460.1,21.67,75.18,3.15
TAMex1461.2,25.33,71.72,2.95
TAMex1462.2,24.21,71.62,4.17
TAMex1463.1,16.58,78.33,5.09
TAMex1464.2,18.01,74.87,7.12
TAMex1465.1,22.08,68.36,9.56
TAMex1466.2,24.21,71.41,4.37
TAMex1467.1,24.01,68.77,7.22
TAMex1469.2,27.06,69.48,3.46
TAMex1472.1,23.7,70.91,5.39
TAMex1474.1,24.92,70.8,4.27
TAMex1477.2,25.23,67.55,7.22
TAMex1480.1,19.63,74.77,5.6
TAMex1481.1,26.04,70.09,3.87
TAMex1484.1,16.28,78.33,5.39
TAMex1485.1,20.24,73.04,6.71
TAMex1488.1,22.08,72.02,5.9
TAMex1490.1,21.67,71.82,6.51
TAMex1493.1,17.5,75.79,6.71
TAMex1496.1,25.13,70.7,4.17
TAMex1497.1,26.55,68.46,4.98
TAMex1500.1,15.46,76.09,8.44
TAMex1501.1,17.8,75.99,6.21
TAMex1502.1,23.5,70.91,5.6
TAMex1504.1,25.94,69.58,4.48
TAMex1505.1,24.52,71.72,3.76
TAMex1506.1,16.99,77.62,5.39
TAMex1508.4,24.01,71.92,4.07
TAMex1509.1,25.23,70.4,4.37
TAMex1516.1,23.5,67.65,8.85
TAMex1518.1,21.87,73.14,4.98
TAMex1519.1,24.62,70.7,4.68
TAMex1522.1,21.16,71.11,7.73
TAMex1524.1,24.82,69.18,6
TAMex1525.2,25.33,71.82,2.85
TAMex1528.1,22.99,72.53,4.48
TAMex1529.2,21.87,71.31,6.82
TAMex1530.2,22.89,73.55,3.56
TAMex1531.1,22.89,71.41,5.7
TAMex1534.2,25.43,69.79,4.78
TAMex1535.2,26.65,69.68,3.66
TAMex1537.1,22.38,68.46,9.16
TAMex1539.1,22.28,73.96,3.76
TAMex1541.2,8.04,88.71,3.26
TAMex1544.1,21.97,71.11,6.92
TAMex1546.2,20.75,76.09,3.15
TAMex1548.2,21.46,73.75,4.78
TAMex1549.1,21.67,74.77,3.56
TAMex1551.1,16.79,74.77,8.44
TAMex1554.1,26.55,69.68,3.76
TAMex1557.1,19.13,73.55,7.32
TAMex1558.1,21.57,70.7,7.73
TAMex1559.1,20.45,73.45,6.1
TAMex1560.2,14.04,80.87,5.09
TAMex1561.2,23.4,70.09,6.51
TAMex1566.1,21.36,75.69,2.95
TAMex1567.1,23.91,71.21,4.88
TAMex1568.1,22.79,74.57,2.64
TAMex1569.1,23.4,71.62,4.98
TAMex1571.1,24.92,66.73,8.34
TAMex1574.1,20.96,73.25,5.8
TAMex1575.1,21.26,73.96,4.78
TIP-260A,1.63,89.32,9.05
TIP-263A,1.93,92.47,5.6
TIP-265A,2.14,94.1,3.76
TIP-267A,0.81,92.78,6.41
TIP-272A,1.02,95.32,3.66
TIP-276A,3.76,91.25,4.98
TIP-281A,3.87,91.86,4.27
TIP-282A,1.93,93.49,4.58
TIP-285A,2.95,92.98,4.07
TIP-287A,1.12,94,4.88
TIP-293A,1.83,93.08,5.09
TIP-296A,1.02,93.79,5.19
TIP-301-A,8.75,87.49,3.76
TIP-304-A,3.05,91.15,5.8
TIP-305-A,1.02,93.69,5.29
TIP-309-A,1.42,94,4.58
TIP-313-A,2.44,93.08,4.48
TIP-318-A,2.34,92.88,4.78
TIP-326-A,2.64,93.69,3.66
TIP-329-A,3.46,90.74,5.8
TIP-330-A,1.83,94.71,3.46
TIP-338-A,1.63,93.29,5.09
TIP-343-A,1.63,95.32,3.05
TIP-347-A,1.73,94.2,4.07
TIP-351-A,1.02,94.51,4.48
TIP-356-A,0.61,91.15,8.24
TIP-359-A,2.95,88.61,8.44
TIP-365-A,2.34,94.4,3.26
TIP-366-A,1.22,94,4.78
TIP-370-A,1.42,95.63,2.95
TIP-375-A,1.63,95.93,2.44
TIP-380-A,0.61,96.85,2.54
TIP-454,2.03,95.83,2.14
TIP-458,1.32,96.24,2.44
TIP-462,6,88.71,5.29
TIP-466,1.73,96.34,1.93
TIP-469,0.92,95.63,3.46
TIP-475,2.24,95.22,2.54
TIP-489,1.22,96.03,2.75
TIP-496,0.61,97.46,1.93
TIP-498,0.61,96.95,2.44
TIP-508,0.81,96.34,2.85
TIP-512,0.92,96.03,3.05
TIP-521,0.41,96.54,3.05
TIP-523,0.71,96.74,2.54
TIP-529,0.81,96.74,2.44
TIP-534,0.61,90.64,8.75
WB0021a,20.75,73.45,5.8
WB0022a,0.81,96.03,3.15
ZDP_0001a,19.53,78.03,2.44
ZDP_0002a,26.35,70.4,3.26
ZDP_0004a,14.75,81.49,3.76
ZDP_0005a,13.43,84.64,1.93
ZDP_0006a,20.75,74.16,5.09
ZDP_0007a,19.13,79.45,1.42
ZDP_0008a,14.95,81.18,3.87
ZDP_0009a,13.63,82.3,4.07
ZDP_0010a,12.51,82.2,5.29
ZDP_0011a,11.6,83.72,4.68
ZDP_0012a,13.53,81.18,5.29
ZDP_0013a,13.33,84.23,2.44
ZDP_0014a,15.56,81.79,2.64
ZDP_0015a,14.85,81.49,3.66
ZDP_0016a,15.16,81.79,3.05
ZDP_0017a,13.84,82.6,3.56
ZDP_0018a,11.8,85.45,2.75
ZDP_0019a,14.55,82.5,2.95
ZDP_0020a,15.77,79.76,4.48
ZDP_0021a,11.29,85.05,3.66
ZDP_0022a,8.85,86.78,4.37
ZDP_0023a,13.22,84.13,2.64
ZDP_0024a,10.89,86.98,2.14
ZDP_0025a,20.04,76.4,3.56
ZDP_0026a,16.48,77.82,5.7
ZDP_0027a,13.84,82.4,3.76
ZDP_0028a,11.39,86.57,2.03
ZDP_0029a,14.85,82.81,2.34
ZDP_0030a,14.55,81.38,4.07
ZDP_0031a,14.04,81.79,4.17
ZDP_0032a,15.77,80.77,3.46
ZDP_0033a,21.26,73.75,4.98
ZDP_0034a,9.87,85.55,4.58
ZDP_0035a,13.43,84.44,2.14
ZDP_0036a,17.19,75.28,7.53
ZDP_0037a,23.7,74.77,1.53
ZDP_0038a,22.48,75.79,1.73
ZDP_0039a,20.04,76.2,3.76
ZDP_0040a,21.57,74.47,3.97
ZDP_0041a,9.56,87.89,2.54
ZDP_0042a,15.06,80.77,4.17
ZDP_0043a,20.85,74.26,4.88
ZDP_0044a,6,91.56,2.44
ZDP_0045a,10.89,82.5,6.61
ZDP_0046a,14.14,82.6,3.26
ZDP_0047a,14.45,83.62,1.93
ZDP_0048a,14.65,78.84,6.51
ZDP_0049a,10.38,84.94,4.68
ZDP_0050a,17.7,79.55,2.75
ZDP_0051a,13.22,84.23,2.54
ZDP_0052a,11.09,85.45,3.46
ZDP_0053a,10.68,85.35,3.97
ZDP_0054a,7.63,90.74,1.63
ZDP_0055a,17.8,78.84,3.36
ZDP_0056a,12,84.44,3.56
ZDP_0057a,20.85,77.01,2.14
ZDP_0058a,10.89,85.55,3.56
ZDP_0059a,13.43,82.6,3.97
ZDP_0060a,15.26,78.64,6.1
ZDP_0061a,16.28,79.55,4.17
ZDP_0062a,13.43,82.5,4.07
ZDP_0063a,15.16,82.2,2.64
ZDP_0064a,15.77,81.79,2.44
ZDP_0065a,14.45,83.52,2.03
ZDP_0066a,14.75,81.99,3.26
ZDP_0067a,17.6,80.87,1.53
ZDP_0068a,8.65,88.4,2.95
ZDP_0069a,11.39,85.35,3.26
ZDP_0070a,13.33,83.21,3.46
ZDP_0071a,12.11,82.91,4.98
ZDP_0072a,19.33,77.72,2.95
ZDP_0073a,15.06,77.92,7.02
ZDP_0074a,18.51,78.74,2.75
ZDP_0075a,18.51,79.86,1.63
ZDP_0076a,14.14,83.62,2.24
ZDP_0077a,11.19,86.78,2.03
ZDP_0078a,14.04,83.01,2.95
ZDP_0079b,8.75,84.44,6.82
ZDP_0080b,9.46,85.76,4.78
ZDP_0081a,13.12,83.21,3.66
ZDP_0082b,19.33,77.72,2.95
ZDP_0083a,13.53,84.54,1.93
ZDP_0084a,20.65,76.09,3.26
ZDP_0085a,11.19,85.96,2.85
ZDP_0086b,12.82,83.83,3.36
ZDP_0087a,13.63,81.99,4.37
ZDP_0088b,10.89,87.28,1.83
ZDP_0089a,17.6,79.35,3.05
ZDP_0090a,19.63,78.43,1.93
ZDP_0091a,13.84,84.54,1.63
ZDP_0092b,12.11,86.57,1.32
ZDP_0093a,10.48,86.37,3.15
ZDP_0094b,11.09,84.94,3.97
ZDP_0095a,17.19,79.04,3.76
ZDP_0096a,9.26,87.28,3.46
ZDP_0097a,18.11,78.84,3.05
ZDP_0098a,20.85,76.7,2.44
ZDP_0099b,19.74,77.72,2.54
ZDP_0100b,14.95,83.21,1.83
ZDP_0101b,16.38,79.35,4.27
ZDP_0102a,19.43,76.91,3.66
ZDP_0103b,12,85.05,2.95
ZDP_0104b,19.43,77.42,3.15
ZDP_0105b,12,54.02,33.98
ZDP_0106b,14.55,76.81,8.65
ZDP_0107b,15.77,81.18,3.05
ZDP_0108a,11.6,86.57,1.83
ZDP_0109b,13.73,82.4,3.87
ZDP_0110a,15.16,82.71,2.14
ZDP_0111a,17.6,79.96,2.44
ZDP_0112a,17.8,77.82,4.37
ZDP_0113b,9.26,85.45,5.29
ZDP_0114a,13.33,84.03,2.64
ZDP_0115b,16.89,80.16,2.95
ZDP_0116a,9.66,85.35,4.98
ZDP_0117a,12.31,84.74,2.95
ZDP_0118a,12.31,84.23,3.46
ZDP_0119a,11.39,84.84,3.76
ZDP_0120a,12,82.2,5.8
ZDP_0121a,13.63,83.11,3.26
ZDP_0122a,20.14,75.48,4.37
ZDP_0123b,11.6,85.76,2.64
ZDP_0124b,11.8,85.96,2.24
ZDP_0125a,14.45,81.28,4.27
ZDP_0126a,11.39,85.86,2.75
ZDP_0127b,19.13,75.99,4.88
ZDP_0128a,9.97,84.74,5.29
ZDP_0129b,11.9,84.33,3.76
ZDP_0130a,8.95,88.61,2.44
ZDP_0131a,8.24,89.32,2.44
ZDP_0132a,13.33,81.89,4.78
ZDP_0133a,7.83,89.73,2.44
ZDP_0134a,13.73,83.21,3.05
ZDP_0135a,16.38,79.96,3.66
ZDP_0136a,8.14,88.1,3.76
ZDP_0137a,17.09,78.23,4.68
ZDP_0138a,11.8,85.35,2.85
ZDP_0139a,6.51,88.71,4.78
ZDP_0140a,10.48,86.37,3.15
ZDP_0141a,9.26,89.62,1.12
ZDP_0142a,10.99,84.33,4.68
ZDP_0143a,12.51,84.44,3.05
ZDP_0144a,10.89,84.54,4.58
ZDP_0145a,14.24,81.59,4.17
ZDP_0146a,11.6,81.79,6.61
ZDP_0147a,1.02,94.4,4.58
ZDP_0148a,16.68,79.25,4.07
ZDP_0149a,17.4,76.09,6.51
ZDP_0150a,14.85,81.59,3.56
ZDP_0151a,16.89,79.15,3.97
ZDP_0152a,15.77,79.96,4.27
ZDP_0153a,16.68,78.84,4.48
ZDP_0154a,15.87,78.43,5.7
ZDP_0155a,12.21,82.81,4.98
ZDP_0156a,15.67,77.52,6.82
ZDP_0157a,16.07,81.49,2.44
ZDP_0158a,14.45,82.71,2.85
ZDP_0159a,15.56,81.99,2.44
ZDP_0160b,19.23,76.3,4.48
ZDP_0161a,17.5,78.03,4.48
ZDP_0162a,19.63,76.4,3.97
ZDP_0163a,18.01,79.55,2.44
ZDP_0164a,13.43,74.87,11.7
ZDP_0166a,16.79,79.25,3.97
ZDP_0167a,20.14,75.89,3.97
ZDP_0168a,15.06,83.11,1.83
ZDP_0169a,16.79,76.7,6.51
ZDP_0170a,19.63,77.11,3.26
ZDP_0171a,24.31,69.89,5.8
ZDP_0172b,22.89,70.6,6.51
ZDP_0173a,22.79,74.06,3.15
ZDP_0174a,20.96,73.65,5.39
ZDP_0175b,15.87,75.28,8.85
ZDP_0176a,19.13,78.03,2.85
ZDP_0177a,21.26,74.36,4.37
ZDP_0178a,22.28,74.16,3.56
ZDP_0179a,17.5,80.06,2.44
ZDP_0180a,21.87,75.08,3.05
ZDP_0181a,21.06,74.26,4.68
ZDP_0182a,18.31,77.42,4.27
ZDP_0183a,20.65,76.81,2.54
ZDP_0184b,20.04,75.99,3.97
ZDP_0185a,23.19,72.63,4.17
ZDP_0186a,15.06,81.38,3.56
ZDP_0187a,0.92,95.32,3.76
ZDP_0188a,18.82,69.68,11.5
ZDP_0189a,18.62,78.23,3.15
ZDP_0190a,20.96,77.01,2.03
ZDP_0191a,21.46,75.89,2.64
ZDP_0192b,12.11,80.67,7.22
ZDP_0193a,16.17,78.84,4.98
ZDP_0194a,23.6,71.92,4.48
ZDP_0195a,23.8,68.97,7.22
ZDP_0196a,23.5,74.16,2.34
ZDP_0197a,15.97,80.57,3.46
ZDP_0198a,15.87,82.1,2.03
ZDP_0199a,12.92,84.74,2.34
ZDP_0200a,21.26,76.81,1.93
ZDP_0201a,14.55,80.98,4.48
ZDP_0202a,19.02,74.77,6.21
ZDP_0203a,12.61,83.52,3.87
ZDP_0204a,18.11,76.3,5.6
ZDP_0205a,19.23,76.6,4.17
ZDP_0206a,15.06,80.57,4.37
ZDP_0207a,12.21,83.93,3.87
ZDP_0208a,10.27,86.06,3.66
ZDP_0209a,9.87,86.16,3.97
ZDP_0210a,11.9,80.37,7.73
ZDP_0211a,18.92,75.79,5.29
ZDP_0212a,20.75,75.89,3.36
ZDP_0213a,20.55,75.79,3.66
ZDP_0214a,16.48,78.43,5.09
ZDP_0215a,19.02,78.43,2.54
ZDP_0216a,12.41,82.4,5.19
ZDP_0217a,11.8,80.26,7.93
ZDP_0218a,11.29,82.91,5.8
ZDP_0219a,12.11,86.37,1.53
ZDP_0220a,5.7,89.01,5.29
ZDP_0221b,11.9,81.49,6.61
ZDP_0222a,14.24,81.38,4.37
ZDP_0223a,13.43,82.71,3.87
ZDP_0224a,17.4,78.13,4.48
ZDP_0225b,18.82,77.42,3.76
ZDP_0226a,10.38,85.15,4.48
ZDP_0227a,16.48,76.91,6.61
ZDP_0228b,16.38,77.62,6
ZDP_0229a,20.85,75.08,4.07
ZDP_0230b,14.75,83.01,2.24
ZDP_0231b,17.6,76.5,5.9
ZDP_0232a,16.79,77.11,6.1
ZDP_0233b,12.72,82.2,5.09
ZDP_0234b,19.33,77.52,3.15
ZDP_0235a,15.56,80.77,3.66
ZDP_0236a,17.19,79.25,3.56
ZDP_0237a,14.34,80.37,5.29
ZDP_0238a,12.51,85.66,1.83
ZDP_0239a,14.65,82.3,3.05
ZDP_0240b,16.68,78.43,4.88
ZDP_0241a,16.28,74.97,8.75
ZDP_0242b,15.56,76.7,7.73
ZDP_0243a,19.43,74.97,5.6
ZDP_0244b,16.58,80.77,2.64
ZDP_0245b,20.24,76.3,3.46
ZDP_0246b,23.8,71.21,4.98
ZDP_0247b,18.51,77.72,3.76
ZDP_0248a,21.16,74.67,4.17
ZDP_0249b,21.97,74.77,3.26
ZDP_0250a,9.66,85.25,5.09
ZDP_0251a,21.57,70.91,7.53
ZDP_0252b,18.41,77.31,4.27
ZDP_0253a,17.6,77.92,4.48
ZDP_0254a,16.58,77.31,6.1
ZDP_0255a,12.72,80.77,6.51
ZDP_0256a,15.56,79.76,4.68
ZDP_0257a,14.34,78.94,6.71
ZDP_0258a,17.7,77.21,5.09
ZDP_0259a,19.23,74.87,5.9
ZDP_0261a,13.84,78.13,8.04
ZDP_0262a,17.29,80.98,1.73
ZDP_0263b,15.16,77.92,6.92
ZDP_0264a,12.92,82.1,4.98
ZDP_0265b,15.36,79.76,4.88
ZDP_0266b,16.38,75.79,7.83
ZDP_0267a,14.14,76.91,8.95
ZDP_0268b,13.43,82.5,4.07
ZDP_0269b,16.28,80.67,3.05
ZDP_0270a,9.36,83.93,6.71
ZDP_0271a,9.05,85.05,5.9
ZDP_0272a,17.29,76.5,6.21
ZDP_0273a,9.97,83.01,7.02
ZDP_0274a,7.93,86.16,5.9
ZDP_0275b,7.12,88.3,4.58
ZDP_0276b,9.16,81.99,8.85
ZDP_0277a,15.87,80.87,3.26
ZDP_0278a,15.97,80.06,3.97
ZDP_0279a,10.78,83.32,5.9
ZDP_0280a,16.99,80.77,2.24
ZDP_0281b,13.53,84.13,2.34
ZDP_0282b,16.17,79.04,4.78
ZDP_0283a,18.62,76.5,4.88
ZDP_0284b,19.33,77.21,3.46
ZDP_0285b,14.04,78.84,7.12
ZDP_0286b,14.24,80.37,5.39
ZDP_0287a,13.02,79.96,7.02
ZDP_0288a,11.39,84.94,3.66
ZDP_0290a,12,86.06,1.93
ZDP_0291a,15.36,79.35,5.29
ZDP_0292a,19.13,76.6,4.27
ZDP_0293a,19.13,77.31,3.56
ZDP_0294a,9.66,83.42,6.92
ZDP_0295a,9.16,85.66,5.19
ZDP_0296a,14.04,80.77,5.19
ZDP_0297a,12.82,83.62,3.56
ZDP_0298a,16.99,79.65,3.36
ZDP_0299a,15.36,80.16,4.48
ZDP_0300a,15.97,82.4,1.63
ZDP_0301a,15.36,81.69,2.95
ZDP_0302a,17.9,77.62,4.48
ZDP_0303a,20.35,75.69,3.97
ZDP_0304b,18.72,72.33,8.95
ZDP_0305a,6.31,91.76,1.93
ZDP_0306a,18.82,77.72,3.46
ZDP_0307a,10.99,87.59,1.42
ZDP_0308a,17.4,79.96,2.64
ZDP_0309a,18.21,78.23,3.56
ZDP_0310a,16.28,81.38,2.34
ZDP_0311a,12.72,81.79,5.49
ZDP_0312a,15.46,82.71,1.83
ZDP_0313b,17.8,76.09,6.1
ZDP_0314a,17.09,79.96,2.95
ZDP_0315a,12.31,83.72,3.97
ZDP_0316a,18.72,77.72,3.56
ZDP_0317a,19.84,77.01,3.15
ZDP_0318a,14.75,83.32,1.93
ZDP_0319a,15.87,80.37,3.76
ZDP_0320a,12.21,83.21,4.58
ZDP_0321b,15.97,82.2,1.83
ZDP_0322a,12.92,82.4,4.68
ZDP_0323a,15.77,80.06,4.17
ZDP_0324b,17.29,78.94,3.76
ZDP_0325a,15.56,80.87,3.56
ZDP_0326a,14.34,80.57,5.09
ZDP_0327a,12.51,83.52,3.97
ZDP_0328a,18.72,77.11,4.17
ZDP_0329a,13.94,83.93,2.14
ZDP_0330b,11.9,84.84,3.26
ZDP_0331a,14.34,81.99,3.66
ZDP_0332b,21.87,75.18,2.95
ZDP_0333b,9.87,87.08,3.05
ZDP_0334a,17.29,75.89,6.82
ZDP_0335a,10.07,86.06,3.87
ZDP_0336b,17.19,80.87,1.93
ZDP_0337a,15.16,81.59,3.26
ZDP_0338b,20.96,76.3,2.75
ZDP_0339a,17.9,76.7,5.39
ZDP_0340a,16.79,79.76,3.46
ZDP_0341a,19.33,78.74,1.93
ZDP_0342a,18.92,76.81,4.27
ZDP_0343a,20.55,77.31,2.14
ZDP_0344a,19.02,79.55,1.42
ZDP_0345a,14.04,81.69,4.27
ZDP_0346a,13.33,84.64,2.03
ZDP_0347b,18.72,79.65,1.63
ZDP_0348a,16.28,80.77,2.95
ZDP_0349a,19.43,78.64,1.93
ZDP_0350a,16.38,80.16,3.46
ZDP_0351a,17.19,76.6,6.21
ZDP_0352a,17.4,76.3,6.31
ZDP_0353b,11.29,86.27,2.44
ZDP_0354a,14.95,83.52,1.53
ZDP_0355a,15.56,82.91,1.53
ZDP_0356a,14.04,83.62,2.34
ZDP_0357a,19.33,78.03,2.64
ZDP_0358a,17.09,78.94,3.97
ZDP_0359a,13.33,83.93,2.75
ZDP_0360b,16.38,78.84,4.78
ZDP_0361a,20.24,76.91,2.85
ZDP_0362a,24.31,73.35,2.34
ZDP_0363b,16.07,81.28,2.64
ZDP_0364b,15.77,82.1,2.14
ZDP_0365b,13.02,84.23,2.75
ZDP_0366b,17.4,79.35,3.26
ZDP_0367b,12.72,83.52,3.76
ZDP_0368b,13.53,80.26,6.21
ZDP_0369b,15.56,81.38,3.05
ZDP_0370b,16.68,81.59,1.73
ZDP_0371a,13.73,84.44,1.83
ZDP_0372a,20.85,70.5,8.65
ZDP_0373b,14.65,83.11,2.24
ZDP_0374a,18.41,78.74,2.85
ZDP_0375a,13.94,80.37,5.7
ZDP_0376a,14.24,83.21,2.54
ZDP_0377a,13.43,82.4,4.17
ZDP_0378a,15.16,82.5,2.34
ZDP_0379a,12,84.54,3.46
ZDP_0380a,20.85,73.35,5.8
ZDP_0381a,24.01,69.38,6.61
ZDP_0382a,14.85,79.76,5.39
ZDP_0383a,20.75,76.7,2.54
ZDP_0384a,19.74,74.97,5.29
ZDP_0385a,14.04,78.33,7.63
ZDP_0386a,18.21,77.42,4.37
ZDP_0387a,18.72,78.03,3.26
ZDP_0388a,16.28,79.55,4.17
ZDP_0389a,9.56,85.55,4.88
ZDP_0391a,25.53,69.99,4.48
ZDP_0392a,12.92,85.05,2.03
ZDP_0393a,23.6,73.55,2.85
ZDP_0394a,23.6,72.84,3.56
ZDP_0395a,12.11,85.25,2.64
ZDP_0396a,11.6,85.15,3.26
ZDP_0397a,19.74,78.74,1.53
ZDP_0398a,12.72,84.64,2.64
ZDP_0399a,16.58,80.26,3.15
ZDP_0400a,15.36,80.87,3.76
ZDP_0401a,16.68,80.37,2.95
ZDP_0402a,17.09,80.98,1.93
ZDP_0403a,19.13,75.58,5.29
ZDP_0404a,17.9,78.33,3.76
ZDP_0405a,22.69,75.08,2.24
ZDP_0406a,18.92,77.62,3.46
ZDP_0407a,16.17,79.45,4.37
ZDP_0408a,16.38,80.77,2.85
ZDP_0409a,12.51,84.94,2.54
ZDP_0410a,21.36,75.08,3.56
ZDP_0411a,16.48,79.96,3.56
ZDP_0412a,21.36,73.65,4.98
ZDP_0413a,23.7,72.53,3.76
ZDP_0414a,20.85,74.06,5.09
ZDP_0415a,17.6,79.86,2.54
ZDP_0416a,19.63,77.72,2.64
ZDP_0417a,14.04,81.79,4.17
ZDP_0418a,13.22,82.6,4.17
ZDP_0419a,17.19,80.37,2.44
ZDP_0420a,12.72,83.42,3.87
ZDP_0421a,14.65,83.93,1.42
ZDP_0422a,18.31,78.33,3.36
ZDP_0423a,18.72,77.72,3.56
ZDP_0424a,19.43,78.94,1.63
ZDP_0425a,18.82,75.58,5.6
ZDP_0426a,20.45,77.31,2.24
ZDP_0427a,16.07,80.37,3.56
ZDP_0428a,16.79,78.03,5.19
ZDP_0429a,17.09,81.28,1.63
ZDP_0430a,18.72,78.84,2.44
ZDP_0431a,20.96,75.69,3.36
ZDP_0432a,19.53,76.2,4.27
ZDP_0433a,18.72,73.04,8.24
ZDP_0434a,24.82,70.5,4.68
ZDP_0435a,16.17,80.16,3.66
ZDP_0436a,17.9,77.92,4.17
ZDP_0437a,18.82,78.43,2.75
ZDP_0438a,17.29,81.28,1.42
ZDP_0439a,18.51,78.94,2.54
ZDP_0440a,15.77,81.18,3.05
ZDP_0441a,16.48,82.5,1.02
ZDP_0442a,15.26,81.99,2.75
ZDP_0443a,17.7,77.21,5.09
ZDP_0444a,14.85,82.5,2.64
ZDP_0445a,19.63,77.42,2.95
ZDP_0446a,19.63,75.48,4.88
ZDP_0447a,15.36,80.57,4.07
ZDP_0448a,20.45,74.87,4.68
ZDP_0449a,19.02,79.55,1.42
ZDP_0450a,15.67,80.16,4.17
ZDP_0451a,11.39,85.35,3.26
ZDP_0452a,13.22,82.81,3.97
ZDP_0453a,13.02,84.84,2.14
ZDP_0454a,14.75,81.59,3.66
ZDP_0455a,17.4,80.37,2.24
ZDP_0456a,15.87,80.57,3.56
ZDP_0457a,23.6,74.57,1.83
ZDP_0458a,19.02,77.92,3.05
ZDP_0460a,18.21,76.91,4.88
ZDP_0461a,15.46,83.11,1.42
ZDP_0462a,19.43,75.58,4.98
ZDP_0463a,15.97,80.67,3.36
ZDP_0464a,16.38,79.76,3.87
ZDP_0465a,16.48,80.37,3.15
ZDP_0466a,15.16,80.06,4.78
ZDP_0467a,18.21,75.89,5.9
ZDP_0468a,22.69,73.86,3.46
ZDP_0469a,16.17,79.15,4.68
ZDP_0470a,20.65,75.48,3.87
ZDP_0471a,20.35,77.11,2.54
ZDP_0472a,17.5,76.7,5.8
ZDP_0473a,19.53,77.21,3.26
ZDP_0474a,20.85,74.06,5.09
ZDP_0475a,19.84,76.7,3.46
ZDP_0476a,14.45,81.99,3.56
ZDP_0477a,18.31,78.13,3.56
ZDP_0478a,17.5,78.33,4.17
ZDP_0479a,22.48,72.84,4.68
ZDP_0480a,14.55,80.57,4.88
ZDP_0481a,22.69,75.18,2.14
ZDP_0482a,20.14,76.91,2.95
ZDP_0483a,18.01,79.76,2.24
ZDP_0484a,13.43,81.99,4.58
ZDP_0485a,23.7,72.94,3.36
ZDP_0486a,17.09,79.65,3.26
ZDP_0487a,15.87,81.18,2.95
ZDP_0488a,12.51,83.42,4.07
ZDP_0489a,17.4,81.38,1.22
ZDP_0490a,18.11,80.47,1.42
ZDP_0491a,23.7,72.94,3.36
ZDP_0492a,17.29,72.63,10.07
ZDP_0493a,24.31,73.35,2.34
ZDP_0494a,11.19,85.76,3.05
ZDP_0495a,14.75,80.87,4.37
ZDP_0496a,21.67,74.87,3.46
ZDP_0497a,23.5,74.26,2.24
ZDP_0498a,12.11,83.52,4.37
ZDP_0499b,22.08,73.55,4.37
ZDP_0500a,12.72,83.11,4.17
ZDP_0501a,22.18,73.75,4.07
ZDP_0502a,17.7,76.2,6.1
ZDP_0503a,23.4,73.65,2.95
ZDP_0504a,20.75,74.97,4.27
ZDP_0505a,21.67,72.53,5.8
ZDP_0506a,15.77,79.86,4.37
ZDP_0507a,19.84,77.21,2.95
ZDP_0508a,21.36,74.67,3.97
ZDP_0509b,24.52,72.13,3.36
ZDP_0510b,18.72,79.86,1.42
ZDP_0511a,20.35,76.91,2.75
ZDP_0512a,21.36,74.77,3.87
ZDP_0513b,16.38,80.67,2.95
ZDP_0514a,22.08,75.18,2.75
ZDP_0515a,18.21,80.16,1.63
ZDP_0516a,24.11,72.84,3.05
ZDP_0517b,19.43,78.74,1.83
ZDP_0518a,24.92,72.53,2.54
ZDP_0519a,14.04,82.5,3.46
ZDP_0520b,13.53,84.94,1.53
ZDP_0521a,19.33,78.33,2.34
ZDP_0522a,22.18,73.35,4.48
ZDP_0523a,15.36,78.54,6.1
ZDP_0524a,17.8,79.35,2.85
ZDP_0525a,20.65,76.81,2.54
ZDP_0526a,19.53,58.8,21.67
ZDP_0527a,18.51,75.89,5.6
ZDP_0528a,21.87,75.79,2.34
ZDP_0529a,21.36,72.43,6.21
ZDP_0530a,22.58,75.48,1.93
ZDP_0531a,19.74,74.67,5.6
ZDP_0532a,21.36,73.65,4.98
ZDP_0533a,22.08,73.86,4.07
ZDP_0534a,16.48,80.57,2.95
ZDP_0535a,18.11,80.47,1.42
ZDP_0536b,17.7,81.18,1.12
ZDP_0537b,20.85,77.72,1.42
ZDP_0538a,18.51,77.21,4.27
ZDP_0539b,17.4,79.65,2.95
ZDP_0540b,17.8,79.55,2.64
ZDP_0541a,17.19,79.25,3.56
ZDP_0542a,19.02,77.01,3.97
ZDP_0543a,18.51,78.84,2.64
ZDP_0544a,7.83,88.61,3.56
ZDP_0545a,12.41,84.33,3.26
ZDP_0546a,18.31,80.16,1.53
ZDP_0547a,19.13,75.69,5.19
ZDP_0548a,23.09,73.35,3.56
ZDP_0549a,11.9,86.16,1.93
ZDP_0550a,22.58,59.31,18.11
ZDP_0551a,14.34,83.52,2.14
ZDP_0552a,19.53,75.89,4.58
ZDP_0553a,14.34,83.62,2.03
ZDP_0554a,20.04,75.38,4.58
ZDP_0555a,16.28,81.69,2.03
ZDP_0556a,14.45,84.44,1.12
ZDP_0557a,17.9,79.35,2.75
ZDP_0558a,15.97,80.16,3.87
ZDP_0559a,25.43,71.41,3.15
ZDP_0560a,20.75,71.62,7.63
ZDP_0561a,21.57,76.91,1.53
ZDP_0562a,13.53,81.28,5.19
ZDP_0563a,13.53,84.84,1.63
ZDP_0564a,15.36,81.18,3.46
ZDP_0565a,13.63,83.83,2.54
ZDP_0566a,20.75,73.86,5.39
ZDP_0567a,23.19,72.13,4.68
ZDP_0568a,24.62,69.99,5.39
ZDP_0569a,18.31,76.5,5.19
ZDP_0570a,21.57,75.38,3.05
ZDP_0571a,17.29,78.84,3.87
ZDP_0572a,14.65,80.57,4.78
ZDP_0573a,25.03,69.28,5.7
ZDP_0574a,17.8,77.72,4.48
ZDP_0575a,18.72,76.3,4.98
ZDP_0576a,11.39,82.5,6.1
ZDP_0577a,18.92,76.91,4.17
ZDP_0578a,23.7,73.86,2.44
ZDP_0579a,21.97,74.26,3.76
ZDP_0580a,8.95,89.62,1.42
ZDP_0581a,16.28,82.3,1.42
ZDP_0582a,13.84,81.99,4.17
ZDP_0583a,14.95,83.32,1.73
ZDP_0584a,19.23,77.21,3.56
ZDP_0585a,18.72,76.7,4.58
ZDP_0586a,11.09,82.3,6.61
ZDP_0587a,15.36,81.08,3.56
ZDP_0588a,19.74,75.18,5.09
ZDP_0589a,19.13,76.4,4.48
ZDP_0590a,17.8,77.92,4.27
ZDP_0591a,14.65,81.08,4.27
ZDP_0592a,13.84,81.79,4.37
ZDP_0593a,19.23,74.97,5.8
ZDP_0594a,14.04,84.23,1.73
ZDP_0595a,11.19,87.49,1.32
ZDP_0596a,13.73,78.64,7.63
ZDP_0597a,12.21,83.21,4.58
ZDP_0598a,17.9,80.16,1.93
ZDP_0599a,18.41,76.91,4.68
ZDP_0600a,25.43,70.91,3.66
ZDP_0601a,14.65,82.5,2.85
ZDP_0602a,20.96,72.63,6.41
ZDP_0603a,13.63,83.93,2.44
ZDP_0604a,15.36,82.71,1.93
ZDP_0605a,12.61,80.37,7.02
ZDP_0606a,24.42,73.65,1.93
ZDP_0607a,21.26,77.72,1.02
ZDP_0608a,21.77,71.92,6.31
ZDP_0609a,23.91,68.87,7.22
ZDP_0610a,23.5,69.58,6.92
ZDP_0611a,14.14,78.13,7.73
ZDP_0612a,17.5,75.38,7.12
ZDP_0613a,15.46,77.52,7.02
ZDP_0614a,18.31,77.52,4.17
ZDP_0615a,13.43,80.26,6.31
ZDP_0616a,17.5,77.21,5.29
ZDP_0617a,11.09,85.76,3.15
ZDP_0618a,12.92,83.52,3.56
ZDP_0619a,21.46,72.02,6.51
ZDP_0620a,18.62,71.72,9.66
ZDP_0621a,25.43,66.23,8.34
ZDP_0622a,13.33,78.54,8.14
ZDP_0623a,12.92,82.5,4.58
ZDP_0624a,15.97,79.25,4.78
ZDP_0625b,23.8,68.57,7.63
ZDP_0626a,21.06,73.25,5.7
ZDP_0627b,7.02,89.11,3.87
ZDP_0628a,19.33,78.23,2.44
ZDP_0629a,21.87,72.13,6
ZDP_0630a,21.67,74.36,3.97
ZDP_0631a,10.68,82.4,6.92
ZDP_0632a,23.8,72.84,3.36
ZDP_0633a,5.19,86.78,8.04
ZDP_0634a,16.38,78.03,5.6
ZDP_0635b,19.84,77.52,2.64
ZDP_0636b,16.07,78.64,5.29
ZDP_0637b,13.53,83.62,2.85
ZDP_0638b,16.07,81.38,2.54
ZDP_0639a,21.46,72.63,5.9
ZDP_0640b,11.8,85.25,2.95
ZDP_0641a,12.31,84.94,2.75
ZDP_0642a,14.85,79.45,5.7
ZDP_0643a,23.5,70.5,6
ZDP_0644a,15.46,82.1,2.44
ZDP_0645a,18.31,78.64,3.05
ZDP_0646a,17.09,78.33,4.58
ZDP_0647b,23.7,70.19,6.1
ZDP_0648b,22.48,72.13,5.39
ZDP_0649a,21.97,76.5,1.53
ZDP_0650a,20.04,75.48,4.48
ZDP_0651a,23.3,72.94,3.76
ZDP_0652b,20.96,73.65,5.39
ZDP_0653b,15.26,79.15,5.6
ZDP_0654b,20.75,74.36,4.88
ZDP_0655b,15.97,79.86,4.17
ZDP_0656b,16.07,78.64,5.29
ZDP_0657b,19.94,74.87,5.19
ZDP_0658b,20.75,76.7,2.54
ZDP_0659b,19.53,75.58,4.88
ZDP_0660b,18.72,75.69,5.6
ZDP_0661b,17.5,79.25,3.26
ZDP_0662b,11.29,84.23,4.48
ZDP_0663b,15.56,78.94,5.49
ZDP_0664b,13.63,83.62,2.75
ZDP_0665b,12.41,81.69,5.9
ZDP_0666a,15.67,80.87,3.46
ZDP_0667b,12.21,85.05,2.75
ZDP_0668b,17.9,78.54,3.56
ZDP_0669b,18.41,78.23,3.36
ZDP_0670b,17.4,78.13,4.48
ZDP_0671b,13.94,83.21,2.85
ZDP_0672b,18.51,79.04,2.44
ZDP_0673b,13.94,80.98,5.09
ZDP_0674b,14.24,78.13,7.63
ZDP_0675b,0.31,96.44,3.26
ZDP_0676b,17.7,79.15,3.15
ZDP_0677b,17.7,80.06,2.24
ZDP_0679b,15.36,78.23,6.41
ZDP_0680b,11.6,84.13,4.27
ZDP_0681b,23.5,73.25,3.26
ZDP_0682b,18.82,77.72,3.46
ZDP_0684b,16.58,71.92,11.5
ZDP_0685b,17.19,79.35,3.46
ZDP_0686b,20.35,77.21,2.44
ZDP_0687b,23.6,70.91,5.49
ZDP_0688b,15.56,80.26,4.17
ZDP_0689b,20.14,76.2,3.66
ZDP_0690b,23.09,73.75,3.15
ZDP_0691b,14.45,82.2,3.36
ZDP_0692b,19.63,77.52,2.85
ZDP_0693b,15.67,81.18,3.15
ZDP_0694b,13.53,83.72,2.75
ZDP_0695b,10.58,85.25,4.17
ZDP_0697b,7.73,87.89,4.37
ZDP_0698b,10.58,86.47,2.95
ZDP_0700b,22.28,75.69,2.03
ZDP_0701b,16.07,81.99,1.93
ZDP_0702b,10.68,84.03,5.29
ZDP_0703b,18.51,79.04,2.44
ZDP_0704b,15.16,80.67,4.17
ZDP_0705b,20.45,77.82,1.73
ZDP_0706b,13.02,82.6,4.37
ZDP_0707b,12.21,85.66,2.14
ZDP_0708a,21.46,71.82,6.71
ZDP_0709b,1.83,94.1,4.07
ZDP_0710b,23.7,74.87,1.42
ZDP_0711a,10.17,84.33,5.49
ZDP_0712b,12.72,85.96,1.32
ZDP_0713b,9.87,87.18,2.95
ZDP_0714b,3.46,93.39,3.15
ZDP_0715b,19.13,79.45,1.42
ZDP_0716b,16.58,80.06,3.36
ZDP_0717a,17.8,78.64,3.56
ZDP_0718b,0.81,98.07,1.12
ZDP_0719b,11.9,85.45,2.64
ZDP_0720a,18.92,77.31,3.76
ZDP_0721a,22.58,75.18,2.24
ZDP_0722a,19.94,77.62,2.44
ZDP_0723b,16.28,76.09,7.63
ZDP_0724a,18.62,68.26,13.12
ZDP_0725b,7.32,87.28,5.39
ZDP_0726a,17.7,77.31,4.98
ZDP_0727a,16.58,78.94,4.48
ZDP_0728a,18.01,78.74,3.26
ZDP_0729a,19.74,77.01,3.26
ZDP_0730a,17.8,80.06,2.14
ZDP_0731b,20.55,73.96,5.49
ZDP_0732b,22.38,73.04,4.58
ZDP_0733b,11.6,85.55,2.85
ZDP_0734b,18.62,76.3,5.09
ZDP_0735b,6.1,88.2,5.7
ZDP_0736b,10.38,86.88,2.75
ZDP_0737b,19.23,76.5,4.27
ZDP_0738b,14.85,82.6,2.54
ZDP_0739a,19.23,78.84,1.93
ZDP_0740a,22.99,72.53,4.48
ZDP_0741b,22.28,73.45,4.27
ZDP_0742a,21.77,74.26,3.97
ZDP_0743b,22.08,75.38,2.54
ZDP_0744a,19.84,77.11,3.05
ZDP_0745a,21.97,75.38,2.64
ZDP_0746b,17.4,79.25,3.36
ZDP_0747a,18.21,77.42,4.37
ZDP_0748b,17.6,79.25,3.15
ZDP_0749a,21.26,75.69,3.05
ZDP_0750a,21.97,74.77,3.26
ZDP_0751a,21.67,76.91,1.42
ZDP_0752a,17.09,80.67,2.24
ZDP_0753a,20.96,75.18,3.87
ZDP_0754b,17.8,76.3,5.9
ZDP_0755b,9.66,87.39,2.95
ZDP_0756b,15.97,81.79,2.24
ZDP_0757a,3.66,94.61,1.73
ZDP_0758b,19.53,76.7,3.76
ZDP_0759b,18.72,78.84,2.44
ZDP_0760b,1.12,96.54,2.34
ZDP_0761b,15.36,81.38,3.26
ZDP_0762a,20.04,78.23,1.73
ZDP_0763a,20.45,75.89,3.66
ZDP_0764a,20.75,77.62,1.63
ZDP_0765a,21.46,76.5,2.03
ZDP_0767a,6.92,89.22,3.87
ZDP_0768a,14.75,81.49,3.76
ZDP_0770a,18.82,77.82,3.36
ZDP_0771a,17.4,79.65,2.95
ZDP_0772b,6.92,91.66,1.42
ZDP_0773b,22.08,74.16,3.76
ZDP_0774b,23.4,72.63,3.97
ZDP_0775b,21.06,75.28,3.66
ZDP_0776a,19.02,77.82,3.15
ZDP_0777a,17.9,77.92,4.17
ZDP_0778a,3.26,91.25,5.49
ZDP_0779b,10.58,85.55,3.87
ZDP_0780b,18.11,78.74,3.15
ZDP_0781b,12.61,84.03,3.36
ZDP_0782a,17.9,80.57,1.53
ZDP_0783a,23.09,73.04,3.87
ZDP_0784b,22.58,74.16,3.26
ZDP_0785b,17.4,78.23,4.37
ZDP_0786a,16.17,80.47,3.36
ZDP_0787b,20.04,73.25,6.71
ZDP_0788b,13.73,83.32,2.95
ZDP_0790a,14.34,83.32,2.34
ZDP_0791a,0.81,94.91,4.27
ZDP_0792a,19.74,78.74,1.53
ZDP_0793a,23.5,73.55,2.95
ZDP_0794b,19.02,78.03,2.95
ZDP_0795a,22.58,73.25,4.17
ZDP_0796b,19.63,77.62,2.75
ZDP_0797b,20.35,75.99,3.66
ZDP_0798a,15.87,82.81,1.32
ZDP_0799b,7.32,89.73,2.95
ZDP_0800a,19.33,75.18,5.49
ZDP_0801a,9.77,87.49,2.75
ZDP_0802a,22.18,74.26,3.56
ZDP_0803a,24.21,74.26,1.53
ZDP_0804a,6.21,90.54,3.26
ZDP_0805b,16.68,79.45,3.87
ZDP_0806a,19.94,77.62,2.44
ZDP_0807b,16.58,80.37,3.05
ZDP_0808a,18.62,79.96,1.42
ZDP_0809b,16.48,78.43,5.09
ZDP_0810a,6.41,92.47,1.12
ZDP_0811b,20.65,72.84,6.51
ZDP_0812a,17.6,80.37,2.03
ZDP_0813b,20.45,77.11,2.44
ZDP_0814a,0.31,97.86,1.83
ZDP_0815a,13.84,83.72,2.44
ZDP_0816b,17.8,76.5,5.7
ZDP_0817a,19.02,76.7,4.27
ZDP_0818a,17.5,79.76,2.75
ZDP_0819a,20.45,78.23,1.32
ZDP_0820a,12.41,85.35,2.24
ZDP_0821b,15.56,79.76,4.68
ZDP_0822a,17.9,80.98,1.12
ZDP_0823b,20.45,73.75,5.8
ZDP_0824a,26.04,72.02,1.93
ZDP_0825a,16.17,77.11,6.71
ZDP_0826b,16.89,79.65,3.46
ZDP_0827a,17.19,80.57,2.24
ZDP_0828b,14.95,79.15,5.9
ZDP_0829b,7.63,87.79,4.58
ZDP_0830a,13.22,84.44,2.34
ZDP_0831a,13.94,81.69,4.37
ZDP_0832a,19.74,77.31,2.95
ZDP_0833b,14.45,82.91,2.64
ZDP_0834a,12,85.86,2.14
ZDP_0835a,19.74,76.7,3.56
ZDP_0836a,20.24,76.4,3.36
ZDP_0837a,19.74,79.04,1.22
ZDP_0838a,16.99,80.47,2.54
ZDP_0839a,6.92,90.74,2.34
ZDP_0840a,18.11,79.76,2.14
ZDP_0841a,18.92,77.92,3.15
ZDP_0842a,14.65,82.81,2.54
ZDP_0843b,17.7,77.62,4.68
ZDP_0844a,13.73,84.84,1.42
ZDP_0845a,16.79,81.89,1.32
ZDP_0846a,19.63,78.13,2.24
ZDP_0847a,13.63,83.42,2.95
ZDP_0848a,16.68,82.4,0.92
ZDP_0849a,4.37,92.57,3.05
ZDP_0850b,14.34,82.91,2.75
ZDP_0851a,19.23,79.65,1.12
ZDP_0852a,20.45,77.21,2.34
ZDP_0853b,16.58,79.96,3.46
ZDP_0854a,20.14,76.81,3.05
ZDP_0855a,17.19,81.79,1.02
ZDP_0856a,15.26,81.59,3.15
ZDP_0857b,9.05,85.96,4.98
ZDP_0858b,12.92,83.62,3.46
ZDP_0859b,17.09,77.82,5.09
ZDP_0860b,24.72,71.62,3.66
ZDP_0861b,16.68,80.98,2.34
ZDP_0862a,18.92,78.03,3.05
ZDP_0863a,21.67,74.57,3.76
ZDP_0864b,12.82,82.71,4.48
ZDP_0865b,21.16,75.18,3.66
ZDP_0867b,19.53,77.01,3.46
ZDP_0868b,18.62,75.99,5.39
ZDP_0869b,20.96,74.36,4.68
ZDP_0870a,18.82,77.21,3.97
ZDP_0871a,18.51,76.4,5.09
ZDP_0873b,16.17,76.3,7.53
ZDP_0874b,15.06,76.91,8.04
ZDP_0875b,22.08,76.7,1.22
ZDP_0876b,14.55,83.01,2.44
ZDP_0877b,17.29,79.86,2.85
ZDP_0878b,16.58,81.08,2.34
ZDP_0879b,20.65,76.91,2.44
ZDP_0880b,22.08,75.99,1.93
ZDP_0881b,19.02,78.03,2.95
ZDP_0882b,19.33,79.25,1.42
ZDP_0883b,22.08,76.4,1.53
ZDP_0884b,18.62,79.45,1.93
ZDP_0885b,12.92,84.23,2.85
ZDP_0886b,21.87,77.21,0.92
ZDP_0887b,20.85,74.97,4.17
ZDP_0888b,20.55,74.16,5.29
ZDP_0889b,16.07,78.54,5.39
ZDP_0890b,17.19,80.47,2.34
ZDP_0891b,17.19,79.35,3.46
ZDP_0892b,20.35,74.87,4.78
ZDP_0893b,21.26,75.58,3.15
ZDP_0894b,17.5,77.52,4.98
ZDP_0895a,18.01,76.4,5.6
ZDP_0896b,14.34,83.32,2.34
ZDP_0897b,16.07,71.52,12.41
ZDP_0898b,17.9,76.91,5.19
ZDP_0899b,22.18,73.75,4.07
ZDP_0900b,20.75,76.3,2.95
ZDP_0901b,17.9,80.26,1.83
ZDP_0902b,16.89,79.15,3.97
ZDP_0903a,18.11,78.94,2.95
ZDP_0904a,18.41,79.86,1.73
ZDP_0905a,15.77,82.91,1.32
ZDP_0906a,11.6,86.57,1.83
ZDP_0907b,14.34,81.59,4.07
ZDP_0908a,17.5,79.45,3.05
ZDP_0909b,21.97,73.04,4.98
ZDP_0910a,21.36,73.55,5.09
ZDP_0911a,18.72,77.42,3.87
ZDP_0912b,17.5,75.69,6.82
ZDP_0913b,16.38,80.77,2.85
ZDP_0914b,9.56,86.57,3.87
ZDP_0915b,14.75,83.21,2.03
ZDP_0916b,17.8,77.52,4.68
ZDP_0917a,14.55,82.81,2.64
ZDP_0919a,22.08,75.79,2.14
ZDP_0920b,21.36,74.36,4.27
ZDP_0921b,16.68,81.99,1.32
ZDP_0922a,23.7,75.18,1.12
ZDP_0923a,18.01,78.54,3.46
ZDP_0924b,18.01,78.94,3.05
ZDP_0925b,19.74,76.7,3.56
ZDP_0926a,16.38,76.81,6.82
ZDP_0927b,18.11,78.13,3.76
ZDP_0928a,20.35,78.13,1.53
ZDP_0929b,22.08,72.84,5.09
ZDP_0930b,21.16,73.35,5.49
ZDP_0931b,11.5,84.94,3.56
ZDP_0932a,22.18,72.94,4.88
ZDP_0933a,19.23,76.6,4.17
ZDP_0934b,14.55,77.82,7.63
ZDP_0935a,19.02,76.3,4.68
ZDP_0936a,15.36,80.06,4.58
ZDP_0937b,16.28,80.37,3.36
ZDP_0938a,22.38,73.96,3.66
ZDP_0939b,22.18,74.06,3.76
ZDP_0940a,12.51,79.35,8.14
ZDP_0941b,18.21,77.92,3.87
ZDP_0942b,25.33,70.09,4.58
ZDP_0943b,15.97,78.84,5.19
ZDP_0944b,17.9,77.92,4.17
ZDP_0945b,14.95,83.52,1.53
ZDP_0946b,19.74,75.58,4.68
ZDP_0947b,16.89,77.72,5.39
ZDP_0948b,14.14,81.18,4.68
ZDP_0949b,13.43,79.04,7.53
ZDP_0950b,18.21,76.5,5.29
ZDP_0951b,18.82,73.45,7.73
ZDP_0952a,19.02,77.42,3.56
ZDP_0953b,12.61,79.65,7.73
ZDP_0954b,17.19,75.99,6.82
ZDP_0955b,15.16,81.08,3.76
ZDP_0956a,17.4,75.69,6.92
ZDP_0957b,22.89,71.72,5.39
ZDP_0958a,19.23,77.01,3.76
ZDP_0959b,19.74,79.04,1.22
ZDP_0960b,15.16,80.77,4.07
ZDP_0961b,16.68,79.65,3.66
ZDP_0962b,11.29,86.37,2.34
ZDP_0963a,18.11,78.23,3.66
ZDP_0964b,20.45,77.42,2.14
ZDP_0965a,8.04,86.06,5.9
ZDP_0966b,10.68,83.52,5.8
ZDP_0967b,19.74,74.36,5.9
ZDP_0968a,17.5,75.58,6.92
ZDP_0969b,16.89,77.21,5.9
ZDP_0970b,9.97,87.18,2.85
ZDP_0971a,20.35,74.57,5.09
ZDP_0972b,16.17,78.74,5.09
ZDP_0973b,20.35,75.18,4.48
ZDP_0974b,14.65,81.18,4.17
ZDP_0975a,19.33,77.42,3.26
ZDP_0976a,20.96,75.08,3.97
ZDP_0977a,19.94,77.31,2.75
ZDP_0978a,16.38,73.75,9.87
ZDP_0979b,19.84,76.91,3.26
ZDP_0980b,16.89,77.01,6.1
ZDP_0981b,19.74,77.72,2.54
ZDP_0982b,18.62,78.23,3.15
ZDP_0984a,21.06,75.99,2.95
ZDP_0985a,10.17,86.57,3.26
ZDP_0986a,15.36,78.64,6
ZDP_0987b,10.58,85.15,4.27
ZDP_0988a,20.75,72.43,6.82
ZDP_0989b,24.31,68.06,7.63
ZDP_0990b,20.75,74.57,4.68
ZDP_0991a,12.92,83.72,3.36
ZDP_0992a,22.48,75.69,1.83
ZDP_0993a,13.53,83.01,3.46
ZDP_0994a,16.07,79.76,4.17
ZDP_0995a,18.62,77.21,4.17
ZDP_0996a,13.63,84.44,1.93
ZDP_0997a,19.23,75.38,5.39
ZDP_0998a,16.07,79.86,4.07
ZDP_0999a,10.58,84.84,4.58
ZDP_1000a,11.6,83.01,5.39
ZDP_1001a,14.14,84.44,1.42
ZDP_1002b,12.41,82.3,5.29
ZDP_1003b,1.53,93.9,4.58
ZDP_1004a,21.16,72.84,6
ZDP_1005a,16.48,82.4,1.12
ZDP_1006a,20.04,77.52,2.44
ZDP_1007b,17.29,79.55,3.15
ZDP_1008b,21.97,72.53,5.49
ZDP_1010a,12.82,83.21,3.97
ZDP_1011a,21.36,75.58,3.05
ZDP_1012a,10.07,85.15,4.78
ZDP_1013a,17.7,77.42,4.88
ZDP_1014a,23.91,73.96,2.14
ZDP_1016a,11.6,84.64,3.76
ZDP_1018a,10.17,85.15,4.68
ZDP_1019b,11.5,86.16,2.34
ZDP_1020a,8.24,85.76,6
ZDP_1021a,22.48,70.4,7.12
ZDP_1022a,18.82,73.75,7.43
ZDP_1023a,25.23,71.82,2.95
ZDP_1024b,26.86,69.68,3.46
ZDP_1026b,8.65,86.37,4.98
ZDP_1027a,15.16,75.28,9.56
ZDP_1028a,17.5,78.33,4.17
ZDP_1029b,18.62,77.11,4.27
ZDP_1030a,17.7,77.82,4.48
ZDP_1031a,18.11,79.65,2.24
ZDP_1033b,13.22,81.79,4.98
ZDP_1034a,20.65,75.79,3.56
ZDP_1035a,15.36,82.1,2.54
ZDP_1036a,11.7,82.5,5.8
ZDP_1037a,13.12,84.33,2.54
ZDP_1038a,22.48,73.96,3.56
ZDP_1039a,16.68,81.49,1.83
ZDP_1040b,13.94,83.01,3.05
ZDP_1041b,14.85,83.72,1.42
ZDP_1042a,16.79,81.08,2.14
ZDP_1043b,12.41,85.96,1.63
ZDP_1044a,14.34,83.93,1.73
ZDP_1045a,14.55,83.62,1.83
ZDP_1046a,15.26,82.81,1.93
ZDP_1047b,21.46,77.01,1.53
ZDP_1048b,20.85,76.7,2.44
ZDP_1049b,21.67,75.38,2.95
ZDP_1050b,18.92,79.86,1.22
ZDP_1051b,22.28,75.89,1.83
ZDP_1052b,19.33,78.33,2.34
ZDP_1053a,24.01,74.16,1.83
ZDP_1054a,24.11,74.36,1.53
ZDP_1055a,22.38,74.26,3.36
ZDP_1056a,19.53,77.11,3.36
ZDP_1057b,18.31,79.55,2.14
ZDP_1058b,21.57,76.2,2.24
ZDP_1059b,15.56,81.99,2.44
ZDP_1060a,21.87,74.36,3.76
ZDP_1061a,26.35,72.33,1.32
ZDP_1062b,19.43,78.13,2.44
ZDP_1063a,18.62,78.43,2.95
ZDP_1064b,19.94,76.81,3.26
ZDP_1065a,13.43,83.42,3.15
ZDP_1066a,20.55,76.91,2.54
ZDP_1067a,18.62,78.43,2.95
ZDP_1068b,13.43,85.35,1.22
ZDP_1069a,18.62,78.84,2.54
ZDP_1070b,17.9,80.37,1.73
ZDP_1071a,10.58,76.5,12.92
ZDP_1072a,15.36,82.6,2.03
ZDP_1073a,20.14,77.62,2.24
ZDP_1074a,16.48,81.69,1.83
ZDP_1075a,21.87,76.6,1.53
ZDP_1076a,18.01,80.26,1.73
ZDP_1077a,26.25,71.21,2.54
ZDP_1078a,13.12,85.35,1.53
ZDP_1079a,8.44,88.61,2.95
ZDP_1080a,18.51,78.64,2.85
ZDP_1081a,24.72,72.84,2.44
ZDP_1082a,19.43,78.43,2.14
ZDP_1083a,15.77,80.57,3.66
ZDP_1084a,13.43,83.62,2.95
ZDP_1085a,14.14,83.42,2.44
ZDP_1086b,14.85,83.62,1.53
ZDP_1087a,27.47,70.3,2.24
ZDP_1088b,19.53,79.25,1.22
ZDP_1089b,21.46,75.79,2.75
ZDP_1090a,13.43,81.28,5.29
ZDP_1091a,17.8,79.25,2.95
ZDP_1092b,21.97,75.99,2.03
ZDP_1093b,21.36,75.18,3.46
ZDP_1094b,20.85,74.57,4.58
ZDP_1095b,10.68,86.78,2.54
ZDP_1096a,23.09,66.23,10.68
ZDP_1097a,19.23,78.84,1.93
ZDP_1098a,8.75,89.32,1.93
ZDP_1099b,14.04,84.23,1.73
ZDP_1100a,21.97,76.3,1.73
ZDP_1101b,15.26,83.21,1.53
ZDP_1102b,14.24,84.13,1.63
ZDP_1103b,24.01,72.02,3.97
ZDP_1104a,26.04,68.97,4.98
ZDP_1105b,13.12,83.72,3.15
ZDP_1106a,8.95,88.2,2.85
ZDP_1109a,12.51,83.72,3.76
ZDP_1110b,13.22,84.13,2.64
ZDP_1111a,14.75,83.42,1.83
ZDP_1112a,20.35,75.18,4.48
ZDP_1113b,7.53,89.42,3.05
ZDP_1114a,15.67,82.1,2.24
ZDP_1115b,22.08,76.09,1.83
ZDP_1116b,22.99,74.26,2.75
ZDP_1117b,21.87,73.55,4.58
ZDP_1118a,17.5,80.26,2.24
ZDP_1119a,19.43,78.54,2.03
ZDP_1120a,21.26,75.48,3.26
ZDP_1121a,19.94,76.6,3.46
ZDP_1122a,18.92,79.65,1.42
ZDP_1123a,19.74,78.13,2.14
ZDP_1124a,21.67,74.87,3.46
ZDP_1126a,22.48,75.18,2.34
ZDP_1153a,18.82,79.15,2.03
ZDP_1154a,7.73,91.05,1.22
ZDP_1162a,23.3,74.36,2.34
ZDP_1163a,7.22,88,4.78
ZDP_1164a,11.7,84.03,4.27
ZDP_1166a,12.41,85.15,2.44
ZDP_1167a,9.56,86.57,3.87
ZDP_1168a,15.56,80.98,3.46
ZDP_1169b,12.61,83.93,3.46
ZDP_1170a,16.07,80.77,3.15
ZDP_1171a,8.04,88.81,3.15
ZDP_1172a,18.92,74.97,6.1
ZDP_1174a,17.09,79.55,3.36
ZDP_1176a,18.31,78.33,3.36
ZDP_1177a,20.04,76.6,3.36
ZDP_1178b,20.65,76.5,2.85
ZDP_1179a,20.96,76.3,2.75
ZDP_1180a,18.82,79.25,1.93
ZDP_1181b,19.43,79.04,1.53
ZDP_1184a,19.23,78.54,2.24
ZDP_1186a,18.51,78.13,3.36
ZDP_1188a,23.91,73.86,2.24
ZDP_1189b,21.46,75.99,2.54
ZDP_1190a,20.04,76.6,3.36
ZDP_1191a,18.62,79.35,2.03
ZDP_1192a,20.65,77.21,2.14
ZDP_1193b,17.5,77.62,4.88
ZDP_1194b,14.95,81.99,3.05
ZDP_1196b,16.68,80.47,2.85
ZDP_1197a,17.4,80.37,2.24
ZDP_1198b,15.16,81.99,2.85
ZDP_1200a,19.13,78.13,2.75
ZDP_1204b,17.6,80.16,2.24
ZDP_1205b,11.29,85.05,3.66
ZDP_1206b,16.79,81.59,1.63
ZDP_1207b,10.17,88.3,1.53
ZDP_1208a,11.8,85.66,2.54
ZDP_1209b,19.43,77.62,2.95
ZDP_1210b,6.51,91.86,1.63
ZDP_1211b,8.85,88.3,2.85
ZDP_1212a,12.21,84.94,2.85
ZDP_1213a,24.11,72.02,3.87
ZDP_1214b,22.79,74.26,2.95
ZDP_1215b,14.04,83.62,2.34
ZDP_1216b,13.22,85.45,1.32
ZDP_1217b,22.38,75.58,2.03
ZDP_1218a,19.13,76.4,4.48
ZDP_1220b,10.58,87.69,1.73
ZDP_1221b,23.6,71.52,4.88
ZDP_1222a,24.11,71.72,4.17
ZDP_1223a,5.19,92.88,1.93
ZDP_1224b,19.94,75.58,4.48
ZDP_1225b,20.75,76.2,3.05
ZDP_1226b,22.48,74.77,2.75
ZDP_1227b,18.62,78.64,2.75
ZDP_1228a,19.74,76.3,3.97
ZDP_1229b,18.11,79.55,2.34
ZDP_1230a,11.19,82.1,6.71
ZDP_1231b,8.44,88.3,3.26
ZDP_1232b,4.37,90.84,4.78
ZDP_1233a,20.55,74.57,4.88
ZDP_1235b,19.94,74.77,5.29
ZDP_1236b,21.87,74.77,3.36
ZDP_1237b,15.97,79.76,4.27
ZDP_1238a,13.63,82.6,3.76
ZDP_1240b,19.63,77.11,3.26
ZDP_1241b,20.24,76.6,3.15
ZDP_1242b,15.06,81.79,3.15
ZDP_1244b,20.65,75.48,3.87
ZDP_1245a,19.63,74.16,6.21
ZDP_1247b,21.46,76.5,2.03
ZDP_1248a,18.92,77.52,3.56
ZDP_1249b,15.67,81.99,2.34
ZDP_1250a,23.8,72.02,4.17
ZDP_1251a,23.3,73.65,3.05
ZDP_1252b,23.6,71.62,4.78
ZDP_1253b,24.82,70.91,4.27
ZDP_1254b,10.99,85.25,3.76
ZDP_1255b,13.02,84.84,2.14
ZDP_1256b,17.9,79.04,3.05
ZDP_1257a,21.46,75.38,3.15
ZDP_1258b,22.28,75.58,2.14
ZDP_1259a,19.13,78.54,2.34
ZDP_1260b,19.13,76.4,4.48
ZDP_1261b,20.35,76.2,3.46
ZDP_1262b,15.77,82.3,1.93
ZDP_1263a,14.55,82.71,2.75
ZDP_1264a,19.53,76.6,3.87
ZDP_1266a,23.91,73.75,2.34
ZDP_1273a,16.99,78.03,4.98
ZDP_1274a,18.92,76.7,4.37
ZDP_1275a,20.35,74.06,5.6
ZDP_1277a,20.65,77.01,2.34
ZDP_1278a,20.14,76.6,3.26
ZDP_1279a,15.26,80.77,3.97
ZDP_1280a,4.68,89.73,5.6
ZDP_1281a,21.97,75.48,2.54
ZDP_1282a,20.75,76.3,2.95
ZDP_1283a,21.16,76.5,2.34
ZDP_1284a,11.6,84.54,3.87
ZDP_1285a,20.96,75.99,3.05
ZDP_1286a,23.4,70.7,5.9
ZDP_1287a,20.96,76.91,2.14
ZDP_1288a,21.77,75.18,3.05
ZDP_1289a,19.43,76.4,4.17
ZDP_1290a,15.56,79.96,4.48
ZDP_1291a,19.53,75.69,4.78
ZDP_1292a,20.14,77.52,2.34
ZDP_1293a,19.74,76.7,3.56
ZDP_1294a,17.9,70.5,11.6
ZDP_1295a,19.02,78.23,2.75
ZDP_1296a,17.09,79.96,2.95
ZDP_1298a,22.08,73.75,4.17
ZDP_1299a,16.48,78.64,4.88
ZDP_1300a,19.43,77.42,3.15
ZDP_1301a,16.99,80.06,2.95
ZDP_1302a,21.26,75.79,2.95
ZDP_1303a,18.41,79.65,1.93
ZDP_1305a,20.45,77.11,2.44
ZDP_1306a,13.22,53.1,33.67
ZDP_1307a,16.38,81.28,2.34
ZDP_1308a,18.72,78.33,2.95
ZDP_1309a,16.68,79.55,3.76
ZDP_1310a,15.87,78.13,6
ZDP_1311a,16.48,80.87,2.64
ZDP_1312a,3.46,89.73,6.82
ZDP_1313a,11.29,84.33,4.37
ZDP_1314a,4.27,89.93,5.8
ZDP_1315a,3.26,89.32,7.43
ZDP_1316a,4.07,89.52,6.41
ZDP_1317a,4.07,88.1,7.83
ZDP_1318a,4.68,90.44,4.88
ZDP_1319a,4.07,90.54,5.39
ZDP_1320a,9.05,87.79,3.15
ZDP_1321a,12.31,82.91,4.78
ZDP_1322a,6.21,88.71,5.09
ZDP_1324a,19.94,73.45,6.61
ZDP_1325a,28.59,66.84,4.58
ZDP_1326a,12,83.93,4.07
ZDP_1327a,20.96,73.86,5.19
ZDP_1328a,20.45,72.43,7.12
ZDP_1329a,19.33,77.82,2.85
ZDP_1330a,18.21,78.54,3.26
ZDP_1331a,17.29,79.15,3.56
ZDP_1332a,18.41,77.21,4.37
ZDP_1333a,4.07,86.16,9.77
ZDP_1334a,9.87,83.72,6.41
ZDP_1339a,7.73,86.47,5.8
ZDP_1341a,13.53,76.4,10.07
ZDP_1342a,9.97,82.91,7.12
ZDP_1343a,3.36,91.45,5.19
ZDP_1344a,5.29,89.62,5.09
ZDP_1345a,18.31,75.79,5.9
ZDP_1348a,21.67,74.77,3.56
ZDP_1350a,8.44,87.79,3.76
ZDP_1351a,14.75,83.72,1.53
ZDP_1352a,19.63,76.91,3.46
ZDP_1353a,20.35,71.52,8.14
ZDP_1354a,15.06,81.59,3.36
ZDP_1356a,20.75,72.13,7.12
ZDP_1358a,21.26,74.87,3.87
ZDP_1363a,20.96,75.38,3.66
ZDP_1366b,27.57,69.58,2.85
ZDP_1375a,21.77,70.91,7.32
ZDP_1377a,19.94,76.4,3.66
ZDP_1378a,17.4,79.65,2.95
ZDP_1382a,24.62,73.45,1.93
ZDP_1384a,16.68,77.62,5.7
ZDP_1385a,22.38,73.96,3.66
ZDP_1386b,14.85,82.6,2.54
ZDP_1388b,21.36,76.2,2.44
ZDP_1389b,21.87,75.28,2.85
ZDP_1392b,18.21,79.76,2.03
ZDP_1395a,18.01,78.03,3.97
ZDP_1397a,21.16,73.45,5.39
ZDP_1398a,19.02,77.72,3.26
ZDP_1399a,30.32,62.05,7.63
ZDP_1401b,9.05,82.3,8.65
ZDP_1402b,17.8,78.94,3.26
ZDP_1411b,17.4,79.96,2.64
ZDP_1429a,3.26,89.32,7.43
ZDP_1433b,29.09,63.78,7.12
ZDP_1437a,20.55,74.47,4.98
ZDP_1438a,19.43,75.89,4.68
ZDP_1441a,19.53,76.09,4.37
ZDP_1444b,13.84,80.87,5.29
ZDP_1445b,20.75,74.57,4.68
ZDP_1446a,21.16,72.33,6.51
ZDP_1447a,16.58,79.15,4.27
ZDP_1448b,1.53,89.22,9.26
ZDP_1449b,13.84,82.1,4.07
ZDP_1450b,3.36,82.6,14.04
ZDP_1451b,22.58,71.41,6
ZDP_1452b,11.6,83.01,5.39
ZDP_1454b,3.87,87.59,8.55
ZDP_1456a,10.38,80.47,9.16
ZDP_1457b,7.93,83.11,8.95
ZDP_1458a,8.44,84.54,7.02
ZDP_1459b,1.12,88.81,10.07
ZDP_1460a,14.24,81.08,4.68
ZDP_1461a,9.46,81.79,8.75
ZDP_1462a,20.96,73.96,5.09
ZDP_1463a,20.24,74.67,5.09
ZDP_1464a,18.41,76.4,5.19
ZDP_1465a,18.11,79.15,2.75
ZDP_1466a,17.6,77.11,5.29
ZDP_1467a,16.68,81.28,2.03
ZDP_1468a,18.21,80.06,1.73
ZDP_1469a,17.7,80.67,1.63
ZDP_1470a,21.36,74.36,4.27
ZDP_1471a,25.33,72.02,2.64
ZDP_1472a,18.72,72.84,8.44
ZDP_1473a,19.94,74.67,5.39
ZDP_1475a,22.79,74.87,2.34
ZDP_1476a,16.07,81.79,2.14
ZDP_1478b,13.02,82.3,4.68
ZDP_1479b,20.85,74.16,4.98
ZDP_1480b,17.6,80.26,2.14
ZDP_1481a,22.28,73.04,4.68
ZDP_1482a,11.8,83.72,4.48
ZDP_1483a,14.24,83.62,2.14
ZDP_1484a,12.51,85.86,1.63
ZDP_1485a,21.57,75.58,2.85
ZDP_1486b,10.78,86.88,2.34
ZDP_1487b,11.09,86.67,2.24
ZDP_1488b,21.77,75.89,2.34
ZDP_1489a,12.31,85.86,1.83
ZDP_1490a,14.45,83.83,1.73
ZDP_1491a,18.01,78.54,3.46
ZDP_1492b,11.5,86.78,1.73
ZDP_1493b,20.96,76.3,2.75
ZDP_1494b,17.6,81.59,0.81
ZDP_1495b,16.48,82.3,1.22
ZDP_1496b,11.39,86.98,1.63
ZDP_1497b,18.72,77.72,3.56
